country,headline,url,date,snippet,year,month,window_start,window_end
Malaysia,Ex,https://www.finews.com/news/english-news/30058-bsi-money-laundering-brazil-arrest,20171220T113000Z,,2017,1,2017-01-01T00:00:00,2017-12-31T23:59:59
Malaysia,Malaysia Reopens 1MDB Case : A Return To Asia Biggest Corruption Scandal,https://www.forbes.com/sites/jwebb/2017/10/31/malaysia-reopens-1mdb-case-a-return-to-asias-biggest-corruption-scandal/,20171031T140000Z,,2017,1,2017-01-01T00:00:00,2017-12-31T23:59:59
Malaysia,Singapore hands life ban to banker in 1MDB,http://www.thejakartapost.com/seasia/2017/12/19/singapore-hands-life-ban-to-banker-in-1mdb-linked-cases.html,20171219T070000Z,,2017,1,2017-01-01T00:00:00,2017-12-31T23:59:59
Malaysia,Ex,https://www.reuters.com/article/us-malaysia-politics-corruption/ex-ally-of-malaysian-pm-najib-held-in-graft-probe-source-idUSKBN1CO2A9,20171019T160000Z,,2017,1,2017-01-01T00:00:00,2017-12-31T23:59:59
Malaysia,Ex,http://m.todayonline.com/world/ex-ally-malaysian-pm-najib-held-graft-probe-source,20171019T224500Z,,2017,1,2017-01-01T00:00:00,2017-12-31T23:59:59
Malaysia,Ex,http://www.reuters.com/article/us-malaysia-politics-corruption/ex-ally-of-malaysian-pm-najib-held-in-graft-probe-source-idUSKBN1CO2A9,20171019T160000Z,,2017,1,2017-01-01T00:00:00,2017-12-31T23:59:59
Malaysia,Ex,http://uk.reuters.com/article/uk-malaysia-politics-corruption/ex-ally-of-malaysian-pm-najib-held-in-graft-probe-source-idUKKBN1CO2BN,20171019T161500Z,,2017,1,2017-01-01T00:00:00,2017-12-31T23:59:59
Malaysia,Ex,http://www.todayonline.com/world/ex-ally-malaysian-pm-najib-held-graft-probe-source,20171019T173000Z,,2017,1,2017-01-01T00:00:00,2017-12-31T23:59:59
Malaysia,Ex,https://uk.reuters.com/article/uk-malaysia-politics-corruption/ex-ally-of-malaysian-pm-najib-held-in-graft-probe-source-idUKKBN1CO2BN,20171020T184500Z,,2017,1,2017-01-01T00:00:00,2017-12-31T23:59:59
Malaysia,1个承包商放倒440名军官 ， 美国海军腐败丑闻 身,http://news.sina.com.cn/c/2017-11-19/doc-ifynwxum5862922.shtml,20171120T023000Z,,2017,1,2017-01-01T00:00:00,2017-12-31T23:59:59
Malaysia,Malaysian PM plays ethnic card as he gears for elections,http://newsok.com/malaysian-pm-plays-ethnic-card-as-he-gears-for-elections/article/feed/1553017,20171207T121500Z,,2017,1,2017-01-01T00:00:00,2017-12-31T23:59:59
Malaysia,Singapore hands life ban to banker in 1MDB,https://www.diarioinenglish.com/english/article/?nid=20171219-472863,20171219T081500Z,,2017,1,2017-01-01T00:00:00,2017-12-31T23:59:59
Malaysia,Scandale 1MDB : Singapour : un ex,https://www.24heures.ch/economie/Singapour-un-excadre-de-BSI-interdit-d-activite/story/25950959,20171219T061500Z,,2017,1,2017-01-01T00:00:00,2017-12-31T23:59:59
Malaysia,Scandale 1MDB : Singapour : un ex,https://www.24heures.ch/economie/singapour-excadre-bsi-interdit-activite/story/25950959,20171219T083000Z,,2017,1,2017-01-01T00:00:00,2017-12-31T23:59:59
Malaysia,JPMorgan  seriously breached anti,http://www.thejakartapost.com/news/2017/12/21/jpmorgan-seriously-breached-anti-money-laundering-regulations.html,20171221T141500Z,,2017,1,2017-01-01T00:00:00,2017-12-31T23:59:59
Malaysia,Scandale 1MDB : Singapour : un ex,https://www.tdg.ch/economie/singapour-excadre-bsi-interdit-activite/story/25950959,20171219T054500Z,,2017,1,2017-01-01T00:00:00,2017-12-31T23:59:59
Malaysia,Scandale 1MDB : Singapour : un ex,https://www.tdg.ch/economie/Singapour-un-excadre-de-BSI-interdit-d-activite/story/25950959,20171219T061500Z,,2017,1,2017-01-01T00:00:00,2017-12-31T23:59:59
Malaysia,New Whitepaper Report Places Spotlight on Asian Politically Exposed Persons,http://www.tmcnet.com/usubmit/2017/11/22/8654843.htm,20171122T101500Z,,2017,1,2017-01-01T00:00:00,2017-12-31T23:59:59
Malaysia,Malaysian PM plays ethnic card as he gears for elections – Borneo Bulletin Online,http://borneobulletin.com.bn/malaysian-pm-plays-ethnic-card-as-he-gears-for-elections/,20171208T103000Z,,2017,1,2017-01-01T00:00:00,2017-12-31T23:59:59
Malaysia,Malaysian PM plays ethnic card as he gears for elections – Borneo Bulletin Online,https://borneobulletin.com.bn/malaysian-pm-plays-ethnic-card-as-he-gears-for-elections/,20171208T111500Z,,2017,1,2017-01-01T00:00:00,2017-12-31T23:59:59
Malaysia,Switzerland says JP Morgan violated money,http://www.tampabay.com/switzerland-says-jp-morgan-violated-money-laundering-rules-ap_world1da8c99a2d8349e8b0204a27707f53aa,20171222T071500Z,,2017,1,2017-01-01T00:00:00,2017-12-31T23:59:59
Malaysia,Scandale 1MDB : Credit Suisse amendé pour blanchiment dargent,https://www.tdg.ch/economie/Credit-Suisse-amende-pour-blanchiment-d-argent/story/21073687,20171026T154500Z,,2017,1,2017-01-01T00:00:00,2017-12-31T23:59:59
Malaysia,PressTV,http://www.presstv.com/Detail/2017/12/21/546376/Switzerland-US-JP-Morgan-moneylaundering-Fraud-Malaysia-1MDB,20171221T171500Z,,2017,1,2017-01-01T00:00:00,2017-12-31T23:59:59
Malaysia,Flash,http://www.france24.com/en/20171219-singapore-hands-life-ban-banker-1mdb-linked-cases,20171219T054500Z,,2017,1,2017-01-01T00:00:00,2017-12-31T23:59:59
Malaysia,Singapore hands life ban to banker in 1MDB,http://articles.economictimes.indiatimes.com/news/international/business/singapore-hands-life-ban-to-banker-in-1mdb-linked-cases/articleshow/62131060.cms,20171219T074500Z,,2017,1,2017-01-01T00:00:00,2017-12-31T23:59:59
Malaysia,Singapore hands life ban to banker in 1MDB,https://johnib.wordpress.com/2017/12/19/singapore-hands-life-ban-to-banker-in-1mdb-linked-cases/,20171219T081500Z,,2017,1,2017-01-01T00:00:00,2017-12-31T23:59:59
Malaysia,1MDB scandal : Singapore hands life ban to banker in 1MDB,https://economictimes.indiatimes.com/news/international/business/singapore-hands-life-ban-to-banker-in-1mdb-linked-cases/articleshow/62131060.cms,20171219T074500Z,,2017,1,2017-01-01T00:00:00,2017-12-31T23:59:59
Malaysia,Singapore hands life ban to banker in 1MDB,https://tribune.com.pk/story/1587727/3-singapore-hands-life-ban-banker-1mdb-linked-cases/,20171219T081500Z,,2017,1,2017-01-01T00:00:00,2017-12-31T23:59:59
Malaysia,Singapore hands life ban to banker in 1MDB,https://coconuts.co/singapore/news/singapore-hands-life-ban-banker-1mdb-linked-cases/,20171219T121500Z,,2017,1,2017-01-01T00:00:00,2017-12-31T23:59:59
Malaysia,Singapore hands life ban to banker in 1MDB,http://en.rfi.fr/wire/20171219-singapore-hands-life-ban-banker-1mdb-linked-cases,20171219T060000Z,,2017,1,2017-01-01T00:00:00,2017-12-31T23:59:59
Malaysia,Singapore hands life ban to banker in 1MDB,https://borneobulletin.com.bn/singapore-hands-life-ban-to-banker-in-1mdb-linked-cases/,20171220T120000Z,,2017,1,2017-01-01T00:00:00,2017-12-31T23:59:59
Malaysia,Singapore hands life ban to banker in 1MDB,http://borneobulletin.com.bn/singapore-hands-life-ban-to-banker-in-1mdb-linked-cases/,20171220T100000Z,,2017,1,2017-01-01T00:00:00,2017-12-31T23:59:59
Malaysia,Ex,http://m.themalaymailonline.com/malaysia/article/ex-sabah-water-department-deputy-director-may-be-charged-with-money-launder,20171212T174500Z,,2017,1,2017-01-01T00:00:00,2017-12-31T23:59:59
Malaysia,Ex,http://www.themalaymailonline.com/malaysia/article/ex-sabah-water-department-deputy-director-may-be-charged-with-money-launder,20171212T164500Z,,2017,1,2017-01-01T00:00:00,2017-12-31T23:59:59
Malaysia,Jeff Sessions calls Malaysia 1MDB scandal  kleptocracy at its worst  By Reuters,https://www.investing.com/news/economy-news/jeff-sessions-calls-malaysias-1mdb-scandal-kleptocracy-at-its-worst-952313,20171205T081500Z,,2017,1,2017-01-01T00:00:00,2017-12-31T23:59:59
Malaysia,受贿1200万不是事实为何说是机密 ？ 柔希盟指柔大臣自相矛盾 ,http://m.themalaymailonline.com/chinese/malaysia/article/20171206-johor-pakatan-slam-johor-mb-not-consistant,20171206T121500Z,,2017,1,2017-01-01T00:00:00,2017-12-31T23:59:59
Malaysia,受贿1200万不是事实为何说是机密 ？ 柔希盟指柔大臣自相矛盾 ,http://www.themalaymailonline.com/chinese/malaysia/article/20171206-johor-pakatan-slam-johor-mb-not-consistant,20171206T123000Z,,2017,1,2017-01-01T00:00:00,2017-12-31T23:59:59
Malaysia,Scandale 1MDB : Singapour : un ex,https://www.lematin.ch/economie/Singapour-un-excadre-de-BSI-interdit-d-activite/story/25950959,20171219T060000Z,,2017,1,2017-01-01T00:00:00,2017-12-31T23:59:59
Malaysia,Malaysian PM plays ethnic card as he gears for elections ,https://www.heraldtimesonline.com/news/world/malaysian-pm-plays-ethnic-card-as-he-gears-for-elections/article_82b19003-933d-526b-8bcb-caae0b881b22.html,20171207T100000Z,,2017,1,2017-01-01T00:00:00,2017-12-31T23:59:59
Malaysia,Malaysian PM plays ethnic card as he gears for elections ,https://www.thepublicopinion.com/news/associated_press/malaysian-pm-plays-ethnic-card-as-he-gears-for-elections/article_64bbfc32-3144-5a8f-9181-a48a398fc5cc.html,20171207T084500Z,,2017,1,2017-01-01T00:00:00,2017-12-31T23:59:59
Malaysia,Malaysian PM plays ethnic card as he gears for elections,http://mynorthwest.com/838658/malaysian-pm-gears-ruling-party-for-elections-due-in-2018/,20171207T084500Z,,2017,1,2017-01-01T00:00:00,2017-12-31T23:59:59
Malaysia,Malaysian PM plays ethnic card as he gears for elections ,https://www.theet.com/web_exclusive/world/malaysian-pm-plays-ethnic-card-as-he-gears-for-elections/article_3316086c-0981-5507-b0e7-d89152f6be68.html,20171207T083000Z,,2017,1,2017-01-01T00:00:00,2017-12-31T23:59:59
Malaysia,Malaysian PM plays ethnic card as he gears for elections ,http://www.fltimes.com/news/world/malaysian-pm-plays-ethnic-card-as-he-gears-for-elections/article_ae48550b-9063-5646-a8fa-9418cbc41015.html,20171207T083000Z,,2017,1,2017-01-01T00:00:00,2017-12-31T23:59:59
Malaysia,Malaysian PM plays ethnic card as he gears for elections ,http://www.omaha.com/news/world/malaysian-pm-plays-ethnic-card-as-he-gears-for-elections/article_9dbda601-9987-5ee2-aff9-23f79d6ea64c.html,20171207T084500Z,,2017,1,2017-01-01T00:00:00,2017-12-31T23:59:59
Malaysia,Malaysian PM plays ethnic card as he gears for elections ,http://www.newsadvance.com/news/world/wire/malaysian-pm-plays-ethnic-card-as-he-gears-for-elections/article_1c403c53-f50e-57d2-b721-7bedce0a2fc2.html,20171207T083000Z,,2017,1,2017-01-01T00:00:00,2017-12-31T23:59:59
Malaysia,Malaysian PM plays ethnic card as he gears for elections ,http://www.pantagraph.com/news/world/malaysian-pm-plays-ethnic-card-as-he-gears-for-elections/article_18f06e69-0a95-5563-a78a-cf4daddb8222.html,20171207T091500Z,,2017,1,2017-01-01T00:00:00,2017-12-31T23:59:59
Malaysia,Malaysian PM plays ethnic card as he gears for elections ,http://cumberlink.com/news/world/malaysian-pm-plays-ethnic-card-as-he-gears-for-elections/article_16766ec1-c7c0-5516-b8b0-9e742f8b0469.html,20171207T091500Z,,2017,1,2017-01-01T00:00:00,2017-12-31T23:59:59
Malaysia,Malaysian PM plays ethnic card as he gears for elections ,http://tdn.com/news/world/malaysian-pm-plays-ethnic-card-as-he-gears-for-elections/article_53f253ad-2969-5de1-a6dd-8902acbd20b5.html,20171207T091500Z,,2017,1,2017-01-01T00:00:00,2017-12-31T23:59:59
Malaysia,Malaysian PM plays ethnic card as he gears for elections,http://www.wbt.com/articles/ap-news/malaysian-pm-plays-ethnic-card-he-gears-elections,20171207T091500Z,,2017,1,2017-01-01T00:00:00,2017-12-31T23:59:59
Malaysia,Malaysian PM plays ethnic card as he gears for elections ,http://tucson.com/news/world/malaysian-pm-plays-ethnic-card-as-he-gears-for-elections/article_18479940-3905-5721-b4ca-96feac052bb4.html,20171207T100000Z,,2017,1,2017-01-01T00:00:00,2017-12-31T23:59:59
Malaysia,Malaysian PM plays ethnic card as he gears for elections,http://www.artesianews.com/1528748/malaysian-pm-plays-ethnic-card-as-he-gears-for-elections.html,20171207T094500Z,,2017,1,2017-01-01T00:00:00,2017-12-31T23:59:59
Malaysia,Malaysian PM plays ethnic card as he gears for elections,http://wbtw.com/ap/malaysian-pm-gears-ruling-party-for-elections-due-in-2018/,20171207T081500Z,,2017,1,2017-01-01T00:00:00,2017-12-31T23:59:59
Malaysia,Malaysian PM plays ethnic card as he gears for elections ,http://herald-review.com/news/world/malaysian-pm-plays-ethnic-card-as-he-gears-for-elections/article_fc1fadb4-64c6-5324-8b7b-439772a14fa5.html,20171207T083000Z,,2017,1,2017-01-01T00:00:00,2017-12-31T23:59:59
Malaysia,Malaysian PM plays ethnic card as he gears for elections,http://leaderpost.com/pmn/news-pmn/malaysian-pm-gears-ruling-party-for-elections-due-in-2018/wcm/da09df4b-2b8f-4b03-a32f-c599e76645dc,20171207T083000Z,,2017,1,2017-01-01T00:00:00,2017-12-31T23:59:59
Malaysia,Malaysian PM plays ethnic card as he gears for elections,https://www.washingtonpost.com/world/africa/malaysian-pm-gears-ruling-party-for-elections-due-in-2018/2017/12/07/39ff9e34-db16-11e7-a241-0848315642d0_story.html,20171207T081500Z,,2017,1,2017-01-01T00:00:00,2017-12-31T23:59:59
Malaysia,Malaysian PM plays ethnic card as he gears for elections ,http://host.madison.com/news/world/malaysian-pm-plays-ethnic-card-as-he-gears-for-elections/article_eb556fd4-42ba-5bbf-98db-6cd13ba2e0df.html,20171207T083000Z,,2017,1,2017-01-01T00:00:00,2017-12-31T23:59:59
Malaysia,Malaysian PM plays ethnic card as he gears for elections ,http://globegazette.com/news/world/malaysian-pm-plays-ethnic-card-as-he-gears-for-elections/article_936bc3c9-aaa9-56f5-89a2-633a9c6c3561.html,20171207T083000Z,,2017,1,2017-01-01T00:00:00,2017-12-31T23:59:59
Malaysia,Malaysian PM plays ethnic card as he gears for elections ,http://bismarcktribune.com/news/world/malaysian-pm-plays-ethnic-card-as-he-gears-for-elections/article_f8c0cadf-48c4-5e36-9f88-38e5953bfba1.html,20171207T090000Z,,2017,1,2017-01-01T00:00:00,2017-12-31T23:59:59
Malaysia,Malaysian PM plays ethnic card as he gears for elections ,http://lacrossetribune.com/news/world/malaysian-pm-plays-ethnic-card-as-he-gears-for-elections/article_d2459e3a-7c88-5991-a4f6-949cbba44a3c.html,20171207T083000Z,,2017,1,2017-01-01T00:00:00,2017-12-31T23:59:59
Malaysia,Malaysian PM plays ethnic card as he gears for elections,http://www.nydailynews.com/newswires/news/world/malaysian-pm-plays-ethnic-card-gears-elections-article-1.3682365,20171207T083000Z,,2017,1,2017-01-01T00:00:00,2017-12-31T23:59:59
Malaysia,Malaysian PM plays ethnic card as he gears for elections ,http://rapidcityjournal.com/news/world/malaysian-pm-plays-ethnic-card-as-he-gears-for-elections/article_26a03510-1d92-5bec-b51d-4221c7f0da55.html,20171207T090000Z,,2017,1,2017-01-01T00:00:00,2017-12-31T23:59:59
Malaysia,Malaysian PM plays ethnic card as he gears for elections ,http://columbustelegram.com/news/world/malaysian-pm-plays-ethnic-card-as-he-gears-for-elections/article_653dbebe-3947-5556-b5fc-02c0d487b66f.html,20171207T090000Z,,2017,1,2017-01-01T00:00:00,2017-12-31T23:59:59
Malaysia,Malaysian PM plays ethnic card as he gears for elections ,http://www.nwitimes.com/news/world/malaysian-pm-plays-ethnic-card-as-he-gears-for-elections/article_5933ed5f-b443-52d9-9675-963fbe4a7113.html,20171207T091500Z,,2017,1,2017-01-01T00:00:00,2017-12-31T23:59:59
Malaysia,Malaysian PM plays ethnic card as he gears for elections ,http://www.winonadailynews.com/news/world/malaysian-pm-plays-ethnic-card-as-he-gears-for-elections/article_0630e6e0-7104-515b-be5e-06a8a1472240.html,20171207T090000Z,,2017,1,2017-01-01T00:00:00,2017-12-31T23:59:59
Malaysia,Malaysian PM plays ethnic card as he gears for elections ,https://www.idahopress.com/news/world/malaysian-pm-plays-ethnic-card-as-he-gears-for-elections/article_abff3d02-6889-5a17-b069-ea91a651f2cd.html,20171207T094500Z,,2017,1,2017-01-01T00:00:00,2017-12-31T23:59:59
Malaysia,Malaysian PM plays ethnic card as he gears for elections,http://www.news-herald.com/general-news/20171207/malaysian-pm-plays-ethnic-card-as-he-gears-for-elections,20171207T180000Z,,2017,1,2017-01-01T00:00:00,2017-12-31T23:59:59
Malaysia, ( 2016 ) Robert De Niro on His Connection to the Malaysian Corruption Scandal :  I Dont Give a Sh ** ,http://freerepublic.com/focus/f-news/3595263/posts,20171016T004500Z,,2017,1,2017-01-01T00:00:00,2017-12-31T23:59:59
Malaysia,Singapore hands life ban to banker in 1MDB,http://www.arabnews.com/node/1211686/business-economy,20171219T224500Z,,2017,1,2017-01-01T00:00:00,2017-12-31T23:59:59
Malaysia,Malaysia Chronicle,http://www.malaysia-chronicle.com/next-will-be-jho-low-rizas-turn-underscoring-najib-familys-guilt-in-1mdb-singapore-bans-jho-lows-banker-for-life-another-for-3-years-for-failing-to-objectively-valuate-petrosaudi/,20171219T071500Z,,2017,1,2017-01-01T00:00:00,2017-12-31T23:59:59
Malaysia,19 December 2017,http://www.mysinchew.com/node/118846/tid=13,20171219T063000Z,,2017,1,2017-01-01T00:00:00,2017-12-31T23:59:59
Malaysia,19 December 2017,http://www.mysinchew.com/node/118846,20171219T063000Z,,2017,1,2017-01-01T00:00:00,2017-12-31T23:59:59
Malaysia,反贪会 ： 地下钱庄是洗黑钱帮凶,http://www.zaobao.com.sg/realtime/world/story20180101-823431,20180101T100000Z,,2017,1,2017-01-01T00:00:00,2017-12-31T23:59:59
Malaysia,Malaysian PM plays ethnic card as he gears for elections,http://www.mcclatchydc.com/news/politics-government/national-politics/article188499474.html,20171207T094500Z,,2017,1,2017-01-01T00:00:00,2017-12-31T23:59:59
Malaysia,"Snow washing , forgery and corruption — a look back at fraud in Canada in 2017",https://www.thestar.com/opinion/contributors/2017/12/31/snow-washing-forgery-and-corruption-a-look-back-at-fraud-in-canada-in-2017.html,20171231T120000Z,,2017,1,2017-01-01T00:00:00,2017-12-31T23:59:59
Malaysia,Malaysia asks Interpol to trace financier in 1MDB scandal – BorneoPost Online ,http://www.theborneopost.com/2017/10/23/malaysia-asks-interpol-to-trace-financier-in-1mdb-scandal/,20171023T130000Z,,2017,1,2017-01-01T00:00:00,2017-12-31T23:59:59
Malaysia,Singapur sanciona a dos exdirectivos de banca por corrupción en fondo malasio ,http://caracol.com.co/radio/2017/12/19/internacional/1513660882_041811.html,20171219T061500Z,,2017,1,2017-01-01T00:00:00,2017-12-31T23:59:59
Malaysia,Singapore hands life ban to banker in 1MDB,https://www.rappler.com/world/regions/asia-pacific/191750-singapore-hands-life-ban-banker-1mdb-linked-cases,20171219T071500Z,,2017,1,2017-01-01T00:00:00,2017-12-31T23:59:59
Malaysia,Jeff Sessions calls Malaysia 1MDB scandal  kleptocracy at its worst  ,https://www.reuters.com/article/us-malaysia-scandal-doj/jeff-sessions-calls-malaysias-1mdb-scandal-kleptocracy-at-its-worst-idUSKBN1DZ0MX,20171205T090000Z,,2017,1,2017-01-01T00:00:00,2017-12-31T23:59:59
Malaysia,US DoJ chief calls Malaysia 1MDB scandal  kleptocracy at its worst  ,http://thepeninsulaqatar.com/article/05/12/2017/US-DoJ-chief-calls-Malaysia-s-1MDB-scandal-kleptocracy-at-its-worst,20171205T121500Z,,2017,1,2017-01-01T00:00:00,2017-12-31T23:59:59
Malaysia,Jeff Sessions calls Malaysia 1MDB scandal  kleptocracy at its worst  ,https://in.reuters.com/article/us-malaysia-scandal-doj/jeff-sessions-calls-malaysias-1mdb-scandal-kleptocracy-at-its-worst-idINKBN1DZ0MX,20171205T144500Z,,2017,1,2017-01-01T00:00:00,2017-12-31T23:59:59
Malaysia,Jeff Sessions calls Malaysia 1MDB scandal  kleptocracy at its worst  ,https://uk.reuters.com/article/us-malaysia-scandal-doj/jeff-sessions-calls-malaysias-1mdb-scandal-kleptocracy-at-its-worst-idUKKBN1DZ0MX,20171205T103000Z,,2017,1,2017-01-01T00:00:00,2017-12-31T23:59:59
Malaysia,"Ministry officials , 10 companies linked to theft of US$24m in Malaysia : Report",http://www.channelnewsasia.com/news/asiapacific/ministry-officials-10-companies-linked-to-theft-of-us-24m-in-9277344,20171004T044500Z,,2017,1,2017-01-01T00:00:00,2017-12-31T23:59:59
Malaysia,Malaysian PM plays ethnic card as he gears for elections,https://www.bangkokpost.com/news/world/1374208/malaysian-pm-plays-ethnic-card-as-he-gears-for-elections,20171207T111500Z,,2017,1,2017-01-01T00:00:00,2017-12-31T23:59:59
Malaysia,Malaysia asks Interpol to trace financier in 1MDB scandal,http://en.africatime.com/congo/db/malaysia-asks-interpol-trace-financier-1mdb-scandal,20171023T121500Z,,2017,1,2017-01-01T00:00:00,2017-12-31T23:59:59
Malaysia,Malaysia asks Interpol to trace financier in 1MDB scandal,http://en.africatime.com/toute_lafrique/db/malaysia-asks-interpol-trace-financier-1mdb-scandal,20171023T123000Z,,2017,1,2017-01-01T00:00:00,2017-12-31T23:59:59
Malaysia, ( 2016 ) Robert De Niro on His Connection to the Malaysian Corruption Scandal :  I Dont Give a Sh ** ,http://freerepublic.com/focus/f-chat/3595263/posts,20171016T013000Z,,2017,1,2017-01-01T00:00:00,2017-12-31T23:59:59
Malaysia,Switzerland says JP Morgan violated money,https://infotel.ca/newsitem/eu-switzerland-jp-morgan-money-laundering/cp66732495,20171221T151500Z,,2017,1,2017-01-01T00:00:00,2017-12-31T23:59:59
Malaysia,1MDB : un ex,https://www.romandie.com/news/1MDB-un-ex-cadre-de-BSI-interdit-d-activite-a-vie-a-Singapour/874037.rom,20171219T061500Z,,2017,1,2017-01-01T00:00:00,2017-12-31T23:59:59
Malaysia,Effective Inter,https://taxguru.in/income-tax/effective-interagency-cooperation-fighting-tax-crimes-financial-crimes-edition.html,20171114T174500Z,,2017,1,2017-01-01T00:00:00,2017-12-31T23:59:59
Malaysia,ایرنا,http://www.irna.ir/fa/News/82772625,20171223T094500Z,,2017,1,2017-01-01T00:00:00,2017-12-31T23:59:59
Malaysia,"Mara paid RM138 million for shell company , says report",https://www.themalaysianinsight.com/s/25057/,20171130T040000Z,,2017,1,2017-01-01T00:00:00,2017-12-31T23:59:59
Malaysia,Daily Briefing : MAS bans two 1MDB,http://sbr.com.sg/financial-services/news/daily-briefing-mas-bans-two-1mdb-linked-professionals-finance-compliance-hir,20171220T040000Z,,2017,1,2017-01-01T00:00:00,2017-12-31T23:59:59
Malaysia,Shameful that Pakistan and Malaysia support Erdogan witchhunt of dissident Turks,http://www.dailyo.in/politics/pakistan-malaysia-turkey-turks-hizmet-recep-tayyip-erdogan/story/1/20086.html,20171015T121500Z,,2017,1,2017-01-01T00:00:00,2017-12-31T23:59:59
Malaysia,Malaysian PM plays ethnic card as he gears for elections,http://www.theolympian.com/news/nation-world/article188499474.html,20171207T094500Z,,2017,1,2017-01-01T00:00:00,2017-12-31T23:59:59
Malaysia,Malaysian PM plays ethnic card as he gears for elections,http://www.thenewstribune.com/news/nation-world/article188499474.html,20171207T081500Z,,2017,1,2017-01-01T00:00:00,2017-12-31T23:59:59
Malaysia,Malaysian PM plays ethnic card as he gears for elections,http://www.idahostatesman.com/news/nation-world/article188499474.html,20171207T094500Z,,2017,1,2017-01-01T00:00:00,2017-12-31T23:59:59
Malaysia,Malaysian PM plays ethnic card as he gears for elections,http://www.macon.com/news/nation-world/article188499474.html,20171207T094500Z,,2017,1,2017-01-01T00:00:00,2017-12-31T23:59:59
Malaysia,Malaysian PM plays ethnic card as he gears for elections,http://www.heraldonline.com/news/nation-world/world/article188499474.html,20171207T111500Z,,2017,1,2017-01-01T00:00:00,2017-12-31T23:59:59
Malaysia,Malaysian PM plays ethnic card as he gears for elections,http://www.charlotteobserver.com/news/nation-world/world/article188499474.html,20171207T084500Z,,2017,1,2017-01-01T00:00:00,2017-12-31T23:59:59
Malaysia,Malaysian PM plays ethnic card as he gears for elections,http://www.kansascity.com/news/nation-world/article188499474.html,20171207T094500Z,,2017,1,2017-01-01T00:00:00,2017-12-31T23:59:59
Malaysia,安瓦尔呼吁马来西亚向高盛索赔 - 国际热点 - 21CN . COM,http://news.21cn.com/hot/int/a/2018/1204/09/33119441.shtml,20181204T101500Z,,2018,1,2018-01-01T00:00:00,2018-12-31T23:59:59
Malaysia,安瓦尔呼吁马来西亚向高盛索赔 _ 东方财富网,http://finance.eastmoney.com/a/20181204998366633.html,20181203T221500Z,,2018,1,2018-01-01T00:00:00,2018-12-31T23:59:59
Malaysia,"美 법무부 ,  말레이시아 최악 비리  연루 골드만 출신 등 3명 기소",http://news.chosun.com/site/data/html_dir/2018/11/02/2018110202042.html,20181102T063000Z,,2018,1,2018-01-01T00:00:00,2018-12-31T23:59:59
Malaysia,阿布扎比主权基金起诉高盛 _ 东方财富网,http://finance.eastmoney.com/a/20181123991150597.html,20181122T191500Z,,2018,1,2018-01-01T00:00:00,2018-12-31T23:59:59
Malaysia,高盛及其前雇员遭马来西亚政府刑事诉讼 _ 东方财富网,http://finance.eastmoney.com/a/201812191009033155.html,20181218T220000Z,,2018,1,2018-01-01T00:00:00,2018-12-31T23:59:59
Malaysia,高盛及其前雇员遭马来西亚政府刑事诉讼 _ 市场新闻 _ 新闻 _ 期货日报网,http://www.qhrb.com.cn/2018/1219/238974.shtml,20181219T054500Z,,2018,1,2018-01-01T00:00:00,2018-12-31T23:59:59
Malaysia,توقیف دارایی میلیاردر عرب در فرانسه,https://af.sputniknews.com/world/201812222966548-%D9%81%D8%B1%D8%A7%D9%86%D8%B3%D9%87-%D9%85%DB%8C%D9%84%DB%8C%D8%A7%D8%B1%D8%AF%D8%B1-%D8%A7%D9%85%D8%A7%D8%B1%D8%A7%D8%AA-%D8%AF%D8%A7%D8%B1%D8%A7%DB%8C%DB%8C-%D8%AA%D9%88%D9%82%DB%8C%D9%81/,20181222T101500Z,,2018,1,2018-01-01T00:00:00,2018-12-31T23:59:59
Malaysia,1MDB scandal cannot happen again : Tun Mahathir,http://theindependent.sg/1mdb-scandal-cannot-happen-again-tun-mahathir/,20181105T014500Z,,2018,1,2018-01-01T00:00:00,2018-12-31T23:59:59
Malaysia,Yolsuzluk - BBC News Türkçe,https://www.bbc.com/turkce/topics/b8531a4d-7de6-4b29-b5f2-34f77b47b359,20181222T161500Z,,2018,1,2018-01-01T00:00:00,2018-12-31T23:59:59
Malaysia,Corruption Currents : Indonesia Arrests Nine in Probe of Real Estate Project - Gooruf . com,https://gooruf.com/asia/news/2018/10/19/corruption-currents-indonesia-arrests-nine-in-probe-of-real-estate-project/,20181018T200000Z,,2018,1,2018-01-01T00:00:00,2018-12-31T23:59:59
Malaysia,高盛因1MDB丑闻被阿布扎比主权基金起诉,http://www.ftchinese.com/story/001080334,20181122T031500Z,,2018,1,2018-01-01T00:00:00,2018-12-31T23:59:59
Malaysia,马来西亚检方就  一马案  刑诉美国高盛公司 _ 華僑時報,http://www.chinesepress.com/World/207645.html,20181225T163000Z,,2018,1,2018-01-01T00:00:00,2018-12-31T23:59:59
Malaysia,"Corruption Currents : Colombia Probes Deaths of Witnesses , Alleged Coverup in Bribery Case - Risk & Compliance Journal . - Gooruf . com",https://gooruf.com/asia/news/2018/11/17/corruption-currents-colombia-probes-deaths-of-witnesses-alleged-coverup-in-bribery-case-risk-compliance-journal/,20181117T004500Z,,2018,1,2018-01-01T00:00:00,2018-12-31T23:59:59
Malaysia,卷入马来西亚腐败丑闻以来 高盛首次面临刑事指控,https://new.qq.com/cmsn/20181217/20181217014627.html,20181217T161500Z,,2018,1,2018-01-01T00:00:00,2018-12-31T23:59:59
Malaysia,卷入马来西亚腐败丑闻以来 高盛首次面临刑事指控,https://wallstreetcn.com/articles/3455255,20181217T181500Z,,2018,1,2018-01-01T00:00:00,2018-12-31T23:59:59
Malaysia,Top 10 International Anti - Corruption Developments For October 2018 - Criminal Law,http://mondaq.com/unitedstates/x/759216/White+Collar+Crime+Fraud/Top+10+International+AntiCorruption+Developments+for+October+2018,20181129T044500Z,,2018,1,2018-01-01T00:00:00,2018-12-31T23:59:59
Malaysia,Top 10 International Anti - Corruption Developments For October 2018 - Criminal Law,http://www.mondaq.com/unitedstates/x/759216/White+Collar+Crime+Fraud/Top+10+International+AntiCorruption+Developments+for+October+2018,20181129T054500Z,,2018,1,2018-01-01T00:00:00,2018-12-31T23:59:59
Malaysia,Top 10 International Anti - Corruption Developments for October 2018 | Morrison & Foerster LLP - Government Contracts Insights,https://www.jdsupra.com/legalnews/top-10-international-anti-corruption-68405/,20181127T223000Z,,2018,1,2018-01-01T00:00:00,2018-12-31T23:59:59
Malaysia,Malaisie : l  épouse de lex - Premier ministre inculpée pour blanchiment dargent,https://www.france24.com/fr/20181004-malaisie-rosmah-mansor-epouse-ex-premier-ministre-inculpee-blanchiment-argent-najib-razak,20181004T050000Z,,2018,1,2018-01-01T00:00:00,2018-12-31T23:59:59
Malaysia,贪污洗钱数十亿美元 两前高盛银行家遭美司法部起诉,http://finance.sina.com.cn/stock/usstock/c/2018-11-05/doc-ihnknmqw9413377.shtml,20181104T194500Z,,2018,1,2018-01-01T00:00:00,2018-12-31T23:59:59
Malaysia,30亿美元罚款 最高10年监禁 ！ 顶级投行陷腐败丑闻,http://finance.jrj.com.cn/2018/12/18101326758362.shtml,20181218T044500Z,,2018,1,2018-01-01T00:00:00,2018-12-31T23:59:59
Malaysia,Stolen Money From 1MDB Will Be Returned to Malaysia,http://badmintonhq.net/2018/11/stolen-money-from-1mdb-will-be-returned-to-malaysia/,20181114T193000Z,,2018,1,2018-01-01T00:00:00,2018-12-31T23:59:59
Malaysia,말레이 전역에 번지는 부패 척결 움직임 … 사바 주지사 35건 부패 혐의로 기소,http://www.asiatoday.co.kr/view.php?key=20181106010003163,20181106T081500Z,,2018,1,2018-01-01T00:00:00,2018-12-31T23:59:59
Malaysia,30亿美元罚款 最高10年监禁 ！ 顶级投行陷腐败丑闻 股价蒸发213亿美元 _ 东方财富网,http://futures.eastmoney.com/a/201812181008344596.html,20181218T023000Z,,2018,1,2018-01-01T00:00:00,2018-12-31T23:59:59
Malaysia,30亿美元罚款 最高10年监禁 ！ 顶级投行陷腐败丑闻 股价蒸发213亿美元 _ 东方财富网,"http://stock.eastmoney.com/news/1790,201812181008344596.html",20181218T023000Z,,2018,1,2018-01-01T00:00:00,2018-12-31T23:59:59
Malaysia,30亿美元罚款 ， 最高10年监禁 ！ 顶级投行陷腐败丑闻 ， 将面临天价罚单和刑事指控,http://www.nbd.com.cn/articles/2018-12-18/1283020.html,20181218T050000Z,,2018,1,2018-01-01T00:00:00,2018-12-31T23:59:59
Malaysia,30亿美元罚款最高10年监禁 高盛腐败丑闻后股价蒸发213亿美元 _ 国内财经 _ 财经 _ 中金在线,http://news.cnfol.com/guoneicaijing/20181218/27111122.shtml,20181218T093000Z,,2018,1,2018-01-01T00:00:00,2018-12-31T23:59:59
Malaysia,30亿美元罚款 ， 最高10年监禁 ！ 顶级投行陷腐败丑闻 ， 面临天价罚单 _ 证券时报网,http://news.stcn.com/2018/1218/14737144.shtml,20181218T030000Z,,2018,1,2018-01-01T00:00:00,2018-12-31T23:59:59
Malaysia,30亿美元罚款 最高10年监禁 ！ 顶级投行陷腐败丑闻 股价蒸发213亿美元 _ 国际市场 _ 市场 _ 中金在线,http://sc.stock.cnfol.com/guojishichang/20181218/27109293.shtml,20181218T024500Z,,2018,1,2018-01-01T00:00:00,2018-12-31T23:59:59
Malaysia,"US charges Malaysian financier , Goldman Sachs bankers over 1MDB",http://mwcnews.net/news/asia-pacfic/74920-us-charges-malaysian-financier.html,20181102T024500Z,,2018,1,2018-01-01T00:00:00,2018-12-31T23:59:59
Malaysia,侵吞27亿美元 ？ 马来西亚就  一马案  刑诉高盛 -- 扬子晚报网,http://www.yangtse.com/app/world/2018-12-18/652663.html,20181218T051500Z,,2018,1,2018-01-01T00:00:00,2018-12-31T23:59:59
Malaysia,马来西亚检方就  一马案  刑诉美国高盛公司 - 新闻频道 - 和讯网,http://news.hexun.com/2018-12-19/195593806.html,20181219T033000Z,,2018,1,2018-01-01T00:00:00,2018-12-31T23:59:59
Malaysia,马来西亚检方就  一马案  刑诉美国高盛公司 _ 国际财经 _ 财经 _ 中金在线,http://news.cnfol.com/guojicaijing/20181220/27116079.shtml,20181219T234500Z,,2018,1,2018-01-01T00:00:00,2018-12-31T23:59:59
Malaysia,马来西亚检方就  一马案  刑诉美国高盛公司 _ 国际财经 _ 财经 _ 中金在线,http://news.cnfol.com/guojicaijing/20181220/27116073.shtml,20181219T234500Z,,2018,1,2018-01-01T00:00:00,2018-12-31T23:59:59
Malaysia,马来西亚检方就  一马案  刑诉美国高盛公司 - 新华网,http://www.xinhuanet.com/world/2018-12/19/c_1210017938.htm,20181219T004500Z,,2018,1,2018-01-01T00:00:00,2018-12-31T23:59:59
Malaysia,马来西亚检方就  一马案  刑诉美国高盛公司 _ 国际新闻 _ 环球网,http://world.huanqiu.com/article/2018-12/13843290.html,20181219T011500Z,,2018,1,2018-01-01T00:00:00,2018-12-31T23:59:59
Malaysia,马来西亚检方就  一马案  刑诉美国高盛公司 - 时政新闻 - 浙江在线,http://china.zjol.com.cn/gjxw/201812/t20181219_9023824.shtml,20181219T011500Z,,2018,1,2018-01-01T00:00:00,2018-12-31T23:59:59
Malaysia,马来西亚检方就  一马案  刑诉美国高盛公司 _ 国际新闻 _ 宁夏广播电视台官方网站,http://news.nxtv.com.cn/world/2018-12-19/453838.html,20181219T064500Z,,2018,1,2018-01-01T00:00:00,2018-12-31T23:59:59
Malaysia,马来西亚检方就  一马案  刑诉美国高盛公司 _ 广州日报大洋网,http://news.dayoo.com/world/201812/19/139998_52409031.htm,20181219T054500Z,,2018,1,2018-01-01T00:00:00,2018-12-31T23:59:59
Malaysia,马来西亚检方就  一马案  刑诉美国高盛公司 - 国内频道 - 内蒙古新闻网,http://china.nmgnews.com.cn/system/2018/12/19/012622272.shtml,20181219T051500Z,,2018,1,2018-01-01T00:00:00,2018-12-31T23:59:59
Malaysia,马来西亚检方就  一马案  刑诉美国高盛公司 -- 国际 -- 人民网,http://world.people.com.cn/n1/2018/1219/c1002-30475046.html,20181219T034500Z,,2018,1,2018-01-01T00:00:00,2018-12-31T23:59:59
Malaysia,山西网络广播电视台 - 马来西亚检方就  一马案  刑诉美国高盛公司,http://www.sxrtv.com/content/news/gj/2018-12-19/1545183680916.shtml,20181219T034500Z,,2018,1,2018-01-01T00:00:00,2018-12-31T23:59:59
Malaysia,马来西亚检方就  一马案  刑诉美国高盛公司 - 千龙网 · 中国首都网,http://world.qianlong.com/2018/1219/3011650.shtml,20181219T021500Z,,2018,1,2018-01-01T00:00:00,2018-12-31T23:59:59
Malaysia,马来西亚检方就  一马案  刑诉美国高盛公司 _ 焦作网WWW . JZRB . COM,http://www.jzrb.com/news/guoji/201812/675839.shtml,20181219T113000Z,,2018,1,2018-01-01T00:00:00,2018-12-31T23:59:59
Malaysia,马来西亚检方就  一马案  刑诉美国高盛公司 - 广西新闻网,http://news.gxnews.com.cn/staticpages/20181219/newgx5c199188-17900079.shtml,20181219T033000Z,,2018,1,2018-01-01T00:00:00,2018-12-31T23:59:59
Malaysia,马来西亚检方就  一马案  刑诉美国高盛公司,http://news.xiancn.com/content/2018-12/19/content_3406114.htm,20181219T033000Z,,2018,1,2018-01-01T00:00:00,2018-12-31T23:59:59
Malaysia,马来西亚检方就  一马案  刑诉美国高盛公司,http://www.gndaily.com/news/2018-12/19/content_1992458.htm,20181219T023000Z,,2018,1,2018-01-01T00:00:00,2018-12-31T23:59:59
Malaysia,马来西亚就  一马案  刑诉高盛公司 - 国际新闻 - 新闻频道 - 水母网,http://news.shm.com.cn/2018-12/18/content_4785273.htm,20181218T023000Z,,2018,1,2018-01-01T00:00:00,2018-12-31T23:59:59
Malaysia,贪污洗钱数十亿美元 两前高盛银行家遭美司法部起诉 - CFi . CN 中财网,http://www.cfi.net.cn/p20181105000107.html,20181105T010000Z,,2018,1,2018-01-01T00:00:00,2018-12-31T23:59:59
Malaysia,ماليزيا تستدعي رئيس الوزراء السابق وزوجته في اتهامهما بالاختلاس,http://www.akhbarlibya.net/world-news/1272910.html,20181003T090000Z,,2018,1,2018-01-01T00:00:00,2018-12-31T23:59:59
Malaysia,ماليزيا تستدعي رئيس الوزراء السابق وزوجته في اتهامهما بالاختلاس,https://www.almasryalyoum.com/news/details/1329059,20181003T120000Z,,2018,1,2018-01-01T00:00:00,2018-12-31T23:59:59
Malaysia,Daim says Jho Low has not given up trying to obtain immunity,http://2016carsreview.net/2018/11/daim-says-jho-low-has-not-given-up-trying-to-obtain-immunity/,20181102T051500Z,,2018,1,2018-01-01T00:00:00,2018-12-31T23:59:59
Malaysia,Scandale 1MDB : inculpation de l  épouse de lex - Premier ministre de Malaisie,https://www.lepoint.fr/monde/scandale-1mdb-inculpation-de-l-epouse-de-l-ex-premier-ministre-de-malaisie-04-10-2018-2260185_24.php,20181004T044500Z,,2018,1,2018-01-01T00:00:00,2018-12-31T23:59:59
Malaysia,马来西亚检方就  一马案  刑诉美国高盛公司 - 中国搜索头条,http://toutiao.chinaso.com/gj/detail/20181219/1000200033137201545177978279732365_1.html,20181219T011500Z,,2018,1,2018-01-01T00:00:00,2018-12-31T23:59:59
Malaysia,Malaysian financier charged in multibillion - dollar scheme,https://siouxcityjournal.com/entertainment/movies/malaysian-financier-charged-in-multibillion-dollar-scheme/image_6f8674d1-3a8b-540a-bdf4-ca07a19e595a.html,20181101T210000Z,,2018,1,2018-01-01T00:00:00,2018-12-31T23:59:59
Malaysia,US charges Malaysian financier in money laundering scheme,https://www.wpsdlocal6.com/i/us-charges-malaysian-financier-in-money-laundering-scheme/,20181101T154500Z,,2018,1,2018-01-01T00:00:00,2018-12-31T23:59:59
Malaysia,大馬前副相涉貪腐 被控45項罪名,https://news.rti.org.tw/news/view/id/428814,20181019T083000Z,,2018,1,2018-01-01T00:00:00,2018-12-31T23:59:59
Malaysia,国际大客户反水 ： 阿布扎比主权财富基金就1MDB丑闻起诉高盛,https://wallstreetcn.com/articles/3441726,20181121T230000Z,,2018,1,2018-01-01T00:00:00,2018-12-31T23:59:59
Malaysia,Goldman Sachs then CEO Blankfein attended meeting at center of $6 . 5 billion Malaysian wealth fund scandal,https://www.businessinsider.com.au/httpswwwbusinessinsidercomaugoldman-sachs-lloyd-blankfein-1mdb-2018-11,20181109T104500Z,,2018,1,2018-01-01T00:00:00,2018-12-31T23:59:59
Malaysia,القدس,http://www.alquds.com/lang/ar/articles/1540448238531324200/,20181025T090000Z,,2018,1,2018-01-01T00:00:00,2018-12-31T23:59:59
Malaysia,رئيس الوزراء الماليزي السابق يواجه 6 اتهامات جنائية جديدة,http://www.shorouknews.com/news/view.aspx?cdate=25102018&id=8e9a5a44-638c-4d90-8821-ff49289147f6,20181025T051500Z,,2018,1,2018-01-01T00:00:00,2018-12-31T23:59:59
Malaysia,Ex - Goldman Banker Fights Extradition To US Over 1MDB Criminal Charges,https://www.zerohedge.com/news/2018-11-08/ex-goldman-banker-fights-extradition-us-over-1mdb-criminal-charges,20181108T153000Z,,2018,1,2018-01-01T00:00:00,2018-12-31T23:59:59
Malaysia,"Malaisie : Rosmah Mansor , l  épouse de lancien premier ministre , inculpée de détournement de fonds",https://mobile.lemonde.fr/asie-pacifique/article/2018/10/04/l-epouse-de-l-ancien-premier-ministre-malaisien-inculpee-de-detournement-de-fonds_5364301_3216.html,20181004T070000Z,,2018,1,2018-01-01T00:00:00,2018-12-31T23:59:59
Malaysia,Scandale 1MDB : inculpation de l  épouse de lex - Premier ministre de Malaisie,https://www.medias24.com/filafp/afp-127613-Scandale-1MDB-inculpation-de-l-epouse-de-l-ex-Premier-ministre-de-Malaisie.html,20181004T051500Z,,2018,1,2018-01-01T00:00:00,2018-12-31T23:59:59
Malaysia,Scandale 1MDB : inculpation de l  épouse de lex - Premier ministre de Malaisie,http://www.francesoir.fr/actualites-monde/scandale-1mdb-inculpation-de-lepouse-de-lex-premier-ministre-de-malaisie,20181004T051500Z,,2018,1,2018-01-01T00:00:00,2018-12-31T23:59:59
Malaysia,5minutes . lu - A la une - Scandale 1MDB : inculpation de l  épouse de lex - Premier ministre de Malaisie,http://5minutes.rtl.lu/monde/laune/1247711.html,20181004T054500Z,,2018,1,2018-01-01T00:00:00,2018-12-31T23:59:59
Malaysia,Scandale 1MDB : inculpation de l  épouse de lex - Premier ministre de Malaisie,https://www.journaldeconakry.com/scandale-1mdb-inculpation-de-lepouse-de-lex-premier-ministre-de-malaisie/,20181004T050000Z,,2018,1,2018-01-01T00:00:00,2018-12-31T23:59:59
Malaysia,Scandale 1MDB : inculpation de l  épouse de lex - Premier ministre de Malaisie,https://www.journaldutchad.com/scandale-1mdb-inculpation-de-lepouse-de-lex-premier-ministre-de-malaisie/,20181004T050000Z,,2018,1,2018-01-01T00:00:00,2018-12-31T23:59:59
Malaysia,Scandale 1MDB : inculpation de l  épouse de lex - Premier ministre de Malaisie,https://www.lexpress.fr/actualites/1/monde/scandale-1mdb-inculpation-de-l-epouse-de-l-ex-premier-ministre-de-malaisie_2038207.html,20181004T043000Z,,2018,1,2018-01-01T00:00:00,2018-12-31T23:59:59
Malaysia,05h24 - Scandale 1MDB : inculpation de l  épouse de lex - Premier ministre de Malaisie,http://www.lalibre.be/dernieres-depeches/afp/scandale-1mdb-inculpation-de-l-epouse-de-l-ex-premier-ministre-de-malaisie-5bb58811cd70a16d81346d9a,20181004T044500Z,,2018,1,2018-01-01T00:00:00,2018-12-31T23:59:59
Malaysia,Scandale 1MDB : inculpation de l  épouse de lex - Premier ministre de Malaisie,https://www.journaldebrazza.com/scandale-1mdb-inculpation-de-lepouse-de-lex-premier-ministre-de-malaisie/,20181004T044500Z,,2018,1,2018-01-01T00:00:00,2018-12-31T23:59:59
Malaysia,Scandale 1MDB : inculpation de l  épouse de lex - Premier ministre de Malaisie,https://www.journaldumali.com/2018/10/04/scandale-1mdb-inculpation-de-lepouse-de-lex-premier-ministre-de-malaisie/,20181004T044500Z,,2018,1,2018-01-01T00:00:00,2018-12-31T23:59:59
Malaysia,Scandale 1MDB : inculpation de l  épouse de lex - Premier ministre de Malaisie,https://www.journalducameroun.com/scandale-1mdb-inculpation-de-lepouse-de-lex-premier-ministre-de-malaisie/,20181004T041500Z,,2018,1,2018-01-01T00:00:00,2018-12-31T23:59:59
Malaysia,Scandale 1MDB : inculpation de l  épouse de lex - Premier ministre de Malaisie,https://www.rtl.be/info/monde/international/scandale-1mdb-inculpation-de-l-epouse-de-l-ex-premier-ministre-de-malaisie-1064973.aspx,20181004T041500Z,,2018,1,2018-01-01T00:00:00,2018-12-31T23:59:59
Malaysia,Scandale 1MDB : inculpation de l  épouse de lex - Premier ministre de Malaisie,https://www.rtl.be/info/monde/france/scandale-1mdb-inculpation-de-l-epouse-de-l-ex-premier-ministre-de-malaisie-1064976.aspx,20181004T041500Z,,2018,1,2018-01-01T00:00:00,2018-12-31T23:59:59
Malaysia,US charges Malaysian financier in money laundering scheme,https://newsinfo.inquirer.net/1049569/us-charges-malaysian-financier-in-money-laundering-scheme,20181101T161500Z,,2018,1,2018-01-01T00:00:00,2018-12-31T23:59:59
Malaysia,DOJ Charges Malaysian Financier In Money Laundering And Bribery Scheme,https://talkingpointsmemo.com/news/doj-charge-malaysian-financier-money-laundering-bribery-scheme,20181101T171500Z,,2018,1,2018-01-01T00:00:00,2018-12-31T23:59:59
Malaysia,US charges Malaysian financier in money laundering scheme,http://www.northwestgeorgianews.com/associated_press/news/politics/us-charges-malaysian-financier-in-money-laundering-scheme/article_5ebaccd5-e3a3-5cb5-94ec-58c2b891ed1a.html,20181101T163000Z,,2018,1,2018-01-01T00:00:00,2018-12-31T23:59:59
Malaysia,US charges Malaysian financier in money laundering scheme,https://www.texomashomepage.com/news/politics/us-charges-malaysian-financier-in-money-laundering-scheme/1566491211,20181101T161500Z,,2018,1,2018-01-01T00:00:00,2018-12-31T23:59:59
Malaysia,US charges Malaysian financier in money laundering scheme,https://www.oanow.com/corner/entertainment/movies_tv/us-charges-malaysian-financier-in-money-laundering-scheme/article_0f2231e4-9664-5d6f-87fb-ab7f4530faf2.html,20181101T161500Z,,2018,1,2018-01-01T00:00:00,2018-12-31T23:59:59
Malaysia,US charges Malaysian financier in money laundering scheme,https://www.fox23.com/news/us-charges-malaysian-financier-in-money-laundering-scheme/864398690,20181101T160000Z,,2018,1,2018-01-01T00:00:00,2018-12-31T23:59:59
Malaysia,US charges Malaysian financier in money laundering scheme,https://www.fox13memphis.com/news/us-charges-malaysian-financier-in-money-laundering-scheme/864405549,20181101T160000Z,,2018,1,2018-01-01T00:00:00,2018-12-31T23:59:59
Malaysia,US charges Malaysian financier in money laundering scheme,https://www.fox30jax.com/news/us-charges-malaysian-financier-in-money-laundering-scheme/864398757,20181101T160000Z,,2018,1,2018-01-01T00:00:00,2018-12-31T23:59:59
Malaysia,US charges Malaysian financier in money laundering scheme,https://www.wvnstv.com/news/politics-do-not-use/us-charges-malaysian-financier-in-money-laundering-scheme/1566479717,20181101T160000Z,,2018,1,2018-01-01T00:00:00,2018-12-31T23:59:59
Malaysia,US charges Malaysian financier in money laundering scheme,http://www.startribune.com/us-charges-malaysian-financier-in-money-laundering-scheme/499281961/,20181101T154500Z,,2018,1,2018-01-01T00:00:00,2018-12-31T23:59:59
Malaysia,US charges Malaysian financier in money laundering scheme,https://www.eagletribune.com/cnhi_network/us-charges-malaysian-financier-in-money-laundering-scheme/article_e8e376c6-93bc-53db-8343-0e804f2b89be.html,20181101T191500Z,,2018,1,2018-01-01T00:00:00,2018-12-31T23:59:59
Malaysia,Ex - Goldman Sachs chief Lloyd Blankfein reportedly met with the fugitive financier involved in a $6 . 5bn Malaysian wealth fund scandal,https://www.businessinsider.com.au/goldman-sachs-lloyd-blankfein-1mdb-2018-11,20181109T054500Z,,2018,1,2018-01-01T00:00:00,2018-12-31T23:59:59
Malaysia,US charges Malaysian financier in money laundering scheme,https://infotel.ca/newsitem/apfn-us-malaysia-financier-charged/cp677904070,20181101T174500Z,,2018,1,2018-01-01T00:00:00,2018-12-31T23:59:59
Malaysia,受马来西亚1MDB丑闻拖累 高盛评级被摩根士丹利下调,https://new.qq.com/cmsn/20181122/20181122000263.html,20181121T200000Z,,2018,1,2018-01-01T00:00:00,2018-12-31T23:59:59
Malaysia,贪污洗钱数十亿美元 ！ 两名前高盛银行家遭美司法部起诉 _ 东方财富网,http://forex.eastmoney.com/a/20181102976639342.html,20181102T121500Z,,2018,1,2018-01-01T00:00:00,2018-12-31T23:59:59
Malaysia,贪污洗钱数十亿美元 ！ 两名前高盛银行家遭美司法部起诉 _ 东方财富网,"http://forex.eastmoney.com/news/1790,20181102976639342.html",20181102T150000Z,,2018,1,2018-01-01T00:00:00,2018-12-31T23:59:59
Malaysia,"US charges Malaysian financier , Goldman Sachs bankers over 1MDB",https://www.aljazeera.com/news/2018/11/charges-malaysian-financier-goldman-sachs-bankers-1mdb-181101144203517.html,20181101T170000Z,,2018,1,2018-01-01T00:00:00,2018-12-31T23:59:59
Malaysia,美国起诉一桩国际洗钱诈骗案 欲追回7千多万美元 | 1MDB | 美国司法部提民事没收诉讼 | 金融诈骗 | 马来西亚投资发展基金,http://www.soundofhope.org/www.soundofhope.org/gb/2018/12/01/n2439265.html,20181202T014500Z,,2018,1,2018-01-01T00:00:00,2018-12-31T23:59:59
Malaysia,Ex - Goldman banker Ng said to fight US extradition over 1MDB - Business News,https://www.thestar.com.my/business/business-news/2018/11/08/ex-goldman-banker-ng-said-to-fight-us-extradition-over-1mdb/,20181108T034500Z,,2018,1,2018-01-01T00:00:00,2018-12-31T23:59:59
Malaysia,Ex - Goldman banker Ng said to fight US extradition over 1MDB,http://www.theedgemarkets.com/article/exgoldman-banker-ng-said-fight-us-extradition-over-1mdb,20181108T081500Z,,2018,1,2018-01-01T00:00:00,2018-12-31T23:59:59
Malaysia,Ex - Goldman banker Ng reportedly fighting US extradition over 1MDB,https://www.freemalaysiatoday.com/category/nation/2018/11/08/ex-goldman-banker-ng-reportedly-fighting-us-extradition-over-1mdb/,20181108T080000Z,,2018,1,2018-01-01T00:00:00,2018-12-31T23:59:59
Malaysia,Ex - Goldman banker fights US extradition over 1MDB,https://www.businesstimes.com.sg/government-economy/ex-goldman-banker-fights-us-extradition-over-1mdb,20181108T074500Z,,2018,1,2018-01-01T00:00:00,2018-12-31T23:59:59
Malaysia,Malaysia Chronicle,https://www.malaysia-chronicle.com/?p=143173,20181108T173000Z,,2018,1,2018-01-01T00:00:00,2018-12-31T23:59:59
Malaysia,Malaisie : 1MDB : L  épouse de lex - premier ministre inculpée - Monde,https://www.24heures.ch/monde/1MDB-L-epouse-de-lexpremier-ministre-inculpee/story/24634424,20181004T033000Z,,2018,1,2018-01-01T00:00:00,2018-12-31T23:59:59
Malaysia,Malaisie : 1MDB : L  épouse de lex - premier ministre inculpée - Monde,https://www.lematin.ch/monde/1MDB-L-epouse-de-lexpremier-ministre-inculpee/story/24634424,20181004T033000Z,,2018,1,2018-01-01T00:00:00,2018-12-31T23:59:59
Canada,Iran sentences fugitive ex,http://www.business-standard.com/article/pti-stories/iran-sentences-fugitive-ex-bank-chief-to-jail-117120900824_1.html,20171209T160000Z,,2017,1,2017-01-01T00:00:00,2017-12-31T23:59:59
Canada,Iran sentences fugitive ex,https://www.news24.com/World/News/iran-sentences-fugitive-ex-bank-chief-to-jail-20171209,20171210T093000Z,,2017,1,2017-01-01T00:00:00,2017-12-31T23:59:59
Canada,Iran sentences fugitive ex,http://en.brinkwire.com/16261/iran-sentences-fugitive-ex-bank-chief-to-jail/,20171214T223000Z,,2017,1,2017-01-01T00:00:00,2017-12-31T23:59:59
Canada,Iran sentences fugitive ex,https://kaplanherald.com/2017/12/10/iran-sentences-fugitive-ex-bank-chief-to-jail/,20171210T140000Z,,2017,1,2017-01-01T00:00:00,2017-12-31T23:59:59
Canada,Former Iranian bank chief jailed for RM10 . 6 billion embezzlement scandal,http://www.themalaysianinsight.com/s/26847/,20171215T173000Z,,2017,1,2017-01-01T00:00:00,2017-12-31T23:59:59
Canada,Iran sentences fugitive ex,https://www.diarioinenglish.com/english/article/?nid=20171209_470388,20171209T134500Z,,2017,1,2017-01-01T00:00:00,2017-12-31T23:59:59
Canada,Iran sentences fugitive ex,http://en.rfi.fr/wire/20171209-iran-sentences-fugitive-ex-bank-chief-jail-report,20171209T134500Z,,2017,1,2017-01-01T00:00:00,2017-12-31T23:59:59
Canada,Iran sentences fugitive ex,https://www.rappler.com/world/regions/middle-east/190905-iran-fugitive-ex-bank-chief-khavari-jail,20171209T151500Z,,2017,1,2017-01-01T00:00:00,2017-12-31T23:59:59
Canada,Iran sentences fugitive ex,http://www.digitaljournal.com/news/world/iran-sentences-fugitive-ex-bank-chief-to-jail-report/article/509561,20171209T130000Z,,2017,1,2017-01-01T00:00:00,2017-12-31T23:59:59
Canada,Iran sentences fugitive ex,http://www.infosurhoy.com/cocoon/saii/xhtml/en_GB/news/iran-sentences-fugitive-ex-bank-chief-to-jail-report/,20171209T141500Z,,2017,1,2017-01-01T00:00:00,2017-12-31T23:59:59
Canada,Iran sentences fugitive ex,https://uk.news.yahoo.com/iran-sentences-fugitive-ex-bank-chief-jail-report-120851023.html,20171209T141500Z,,2017,1,2017-01-01T00:00:00,2017-12-31T23:59:59
Canada,Flash,http://www.france24.com/en/20171209-iran-sentences-fugitive-ex-bank-chief-jail-report,20171209T153000Z,,2017,1,2017-01-01T00:00:00,2017-12-31T23:59:59
Canada,Iran sentences fugitive ex,https://www.al-monitor.com/pulse/contents/afp/2017/12/iran-corruption-canada.html,20171209T143000Z,,2017,1,2017-01-01T00:00:00,2017-12-31T23:59:59
Canada,Iran sentences fugitive ex,http://www.dailymail.co.uk/wires/afp/article-5162373/Iran-sentences-fugitive-ex-bank-chief-jail-report.html,20171209T130000Z,,2017,1,2017-01-01T00:00:00,2017-12-31T23:59:59
Canada,In Iran : Country sentences fugitive ex,http://www.pulse.com.gh/news/world/in-iran-country-sentences-fugitive-ex-bank-chief-to-jail-report-id7705418.html,20171209T191500Z,,2017,1,2017-01-01T00:00:00,2017-12-31T23:59:59
Canada,In Iran : Country sentences fugitive ex,http://www.pulse.ng/news/world/in-iran-country-sentences-fugitive-ex-bank-chief-to-jail-report-id7705418.html,20171209T203000Z,,2017,1,2017-01-01T00:00:00,2017-12-31T23:59:59
Canada,Iran sentences fugitive ex,http://www.arabnews.com/node/1206451/middle-east,20171209T134500Z,,2017,1,2017-01-01T00:00:00,2017-12-31T23:59:59
Canada,Iran sentences fugitive ex,http://english.alarabiya.net/en/business/banking-and-finance/2017/12/10/Iran-sentences-fugitive-ex-bank-chief-to-jail.html,20171209T234500Z,,2017,1,2017-01-01T00:00:00,2017-12-31T23:59:59
Canada,Iran sentences fugitive ex,https://english.alarabiya.net/en/business/banking-and-finance/2017/12/10/Iran-sentences-fugitive-ex-bank-chief-to-jail.html,20171225T033000Z,,2017,1,2017-01-01T00:00:00,2017-12-31T23:59:59
Canada, .: Middle East Online :::. ,http://www.middle-east-online.com/english/?id=86347,20171209T180000Z,,2017,1,2017-01-01T00:00:00,2017-12-31T23:59:59
Canada, .: Middle East Online :::. ,http://middle-east-online.com/english/?id=86347,20171210T043000Z,,2017,1,2017-01-01T00:00:00,2017-12-31T23:59:59
Canada,La esposa y un colaborador de un exgobernador mexicano piden asilo político en el extranjero,https://actualidad.rt.com/actualidad/253394-esposa-mexico-duarte-solicitar-asilo-politico-extranjero,20171023T011500Z,,2017,1,2017-01-01T00:00:00,2017-12-31T23:59:59
Canada,Iran Sentences Fugitive Ex,https://www.newdelhitimes.com/iran-sentences-fugitive-ex-bank-chief-to-prison-in-absentia/,20171218T073000Z,,2017,1,2017-01-01T00:00:00,2017-12-31T23:59:59
Canada,Iran Sentences Fugitive Ex,https://www.rferl.org/a/iran-sentences-fugitive-bank-chief-to-prison-absentia/28906971.html,20171209T163000Z,,2017,1,2017-01-01T00:00:00,2017-12-31T23:59:59
Canada,Iran Sentences Fugitive Ex,https://www.voanews.com/a/iran-sentences-fugitive-bank-chief-to-prison-absentia/4156846.html,20171210T010000Z,,2017,1,2017-01-01T00:00:00,2017-12-31T23:59:59
Canada,مقربون من نجاد متورطون في اختلاس 2 . 6 مليار دولار من مصرف إيراني حكومي,http://www.aleqt.com/2017/12/10/article_1296221.html,20171209T224500Z,,2017,1,2017-01-01T00:00:00,2017-12-31T23:59:59
Canada,"Duarte , el ex gobernador que falta por detener ; van 9 sujetos a proceso – Las Noticias de Chihuahua – Entrelíneas",http://entrelineas.com.mx/local/duarte-el-gobernador-que-falta-por-detener-van-9-sujetos-a-proceso/,20171007T164500Z,,2017,1,2017-01-01T00:00:00,2017-12-31T23:59:59
Canada,替中国能源非洲行贿 港前高官纽约被控罪 ,http://www.ntdtv.com/xtr/gb/2017/11/21/a1351843.html,20171121T110000Z,,2017,1,2017-01-01T00:00:00,2017-12-31T23:59:59
Canada,International Bribe Scandal,https://wn.com/International_Bribe_Scandal,20171110T070000Z,,2017,1,2017-01-01T00:00:00,2017-12-31T23:59:59
Canada,OECD warns of money laundering through Australian real estate,http://www.afr.com/brand/chanticleer/oecd-warns-of-money-laundering-through-australian-real-estate-20171219-h07emq,20171219T223000Z,,2017,1,2017-01-01T00:00:00,2017-12-31T23:59:59
Canada,Former Bank Chief To Be Tried In Absentia Over Embezzling Billions,https://en.radiofarda.com/a/former-bank-melli-chairman-khavari-trial-in-absentia/28781909.html,20171009T090000Z,,2017,1,2017-01-01T00:00:00,2017-12-31T23:59:59
Canada, 「 百名紅通人員 」 半數已歸案 : 14人外逃時間超10年,http://news.sina.com.tw/article/20171206/24884592.html,20171205T183000Z,,2017,1,2017-01-01T00:00:00,2017-12-31T23:59:59
Canada,  百名紅通人員  半數已歸案 ： 14人外逃時間超10年 _ 大公資訊 _ 大公網,http://news.takungpao.com.hk/mainland/focus/2017-12/3521987.html,20171206T021500Z,,2017,1,2017-01-01T00:00:00,2017-12-31T23:59:59
Canada,Schatten über PSG : Strafverfahren gegen Al,http://derstandard.at/2000065917692/Schatten-ueber-PSG-Strafverfahren-gegen-Al-Khelaifi-eroeffnet,20171012T160000Z,,2017,1,2017-01-01T00:00:00,2017-12-31T23:59:59
Canada,  百名红通人员  贺俭回国投案 涉嫌贪污罪和行贿罪 _ 新闻频道 _  象网,http://news.hnr.cn/./shxw/201711/t20171107_3030952.html,20171107T091500Z,,2017,1,2017-01-01T00:00:00,2017-12-31T23:59:59
Canada,Toronto Telegraph,http://www.torontotelegraph.com/news/255690847/iran-sentences-fugitive-ex-bank-chief-to-prison-in-absentia,20171210T033000Z,,2017,1,2017-01-01T00:00:00,2017-12-31T23:59:59
Canada,Iran Herald,http://www.iranherald.com/news/255690847/iran-sentences-fugitive-ex-bank-chief-to-prison-in-absentia,20171210T050000Z,,2017,1,2017-01-01T00:00:00,2017-12-31T23:59:59
Canada,受賄二千多萬 巨貪楊秀 被判八年 ,http://www.ntdtv.com/xtr/b5/2017/10/13/a1346610.html,20171013T201500Z,,2017,1,2017-01-01T00:00:00,2017-12-31T23:59:59
Canada,More than $500 million recovered by tax authorities worldwide following the Panama Papers,https://www.icij.org/blog/2017/12/500-million-recovered-tax-authorities-worldwide-following-panama-papers/,20171227T171500Z,,2017,1,2017-01-01T00:00:00,2017-12-31T23:59:59
Canada,替中國能源非洲行賄 港前高官紐約被控罪 ,http://www.ntdtv.com/xtr/b5/2017/11/21/a1351843.html,20171121T113000Z,,2017,1,2017-01-01T00:00:00,2017-12-31T23:59:59
Canada,"Snow washing , forgery and corruption — a look back at fraud in Canada in 2017",https://www.thestar.com/opinion/contributors/2017/12/31/snow-washing-forgery-and-corruption-a-look-back-at-fraud-in-canada-in-2017.html,20171231T120000Z,,2017,1,2017-01-01T00:00:00,2017-12-31T23:59:59
Canada,奥巴马人设崩了 ？ 被曝收俄罗斯贿赂 ， 卖 燃料 _ 華僑時 ,http://www.chinesepress.com/World/24701.html,20171021T194500Z,,2017,1,2017-01-01T00:00:00,2017-12-31T23:59:59
Canada,  百名红通人员  贺俭回国投案 已到案49人,http://toutiao.chinaso.com/sz/detail/20171107/1000200032983361510042482868746054_1.html,20171107T083000Z,,2017,1,2017-01-01T00:00:00,2017-12-31T23:59:59
Canada,Effective Inter,https://taxguru.in/income-tax/effective-interagency-cooperation-fighting-tax-crimes-financial-crimes-edition.html,20171114T174500Z,,2017,1,2017-01-01T00:00:00,2017-12-31T23:59:59
Canada,Sessions Hints That the DOJ Is Investigating Clinton,http://www.ntd.tv/2017/10/19/sessions-hints-that-the-doj-is-investigating-clinton-russia-scandal/,20171019T143000Z,,2017,1,2017-01-01T00:00:00,2017-12-31T23:59:59
Canada,أخبار الخليج,http://akhbar-alkhaleej.com/news/article/1100745,20171209T233000Z,,2017,1,2017-01-01T00:00:00,2017-12-31T23:59:59
Canada,Panama to extradite former Mexican governor next week,http://qatar-tribune.com/news-details/id/104190,20171231T034500Z,,2017,1,2017-01-01T00:00:00,2017-12-31T23:59:59
Canada,Panama to extradite former Mexican governor next week,http://www.qatar-tribune.com/news-details/id/104190,20171231T060000Z,,2017,1,2017-01-01T00:00:00,2017-12-31T23:59:59
Canada,Esposa de Duarte pide asilo político en Inglaterra,http://www.record.com.mx/contra/esposa-de-duarte-pide-asilo-politico-en-inglaterra,20171021T011500Z,,2017,1,2017-01-01T00:00:00,2017-12-31T23:59:59
Canada,ATTORNEY : MUELLER HID RUSSIAN BRIBERY SCANDAL FROM CONGRESS ; MUST RESIGN NOW,http://canadafreepress.com/article/attorney-mueller-hid-russian-bribery-scandal-from-congress-must-resign-now,20171022T024500Z,,2017,1,2017-01-01T00:00:00,2017-12-31T23:59:59
Canada,La Jornada : Van nueve ex gobernadores sometidos a proceso durante esta administración,http://www.jornada.unam.mx/2017/10/07/politica/004n1pol,20171007T121500Z,,2017,1,2017-01-01T00:00:00,2017-12-31T23:59:59
Canada," 【 中國第一女巨貪 】「  號紅通 」 受賄$3 , 129萬 判監8年追繳全部貪款 ",http://hk.apple.nextmedia.com/realtime/china/20171013/57326923,20171013T111500Z,,2017,1,2017-01-01T00:00:00,2017-12-31T23:59:59
Canada,Iran sentences fugitive ex,https://au.news.yahoo.com/world/a/38223322/iran-sentences-fugitive-ex-bank-chief-to-jail-report/,20171209T141500Z,,2017,1,2017-01-01T00:00:00,2017-12-31T23:59:59
Canada,  百名红通人员  半数已归案 14人外逃时间超10年 _ 反腐倡廉 _ 光明网,http://legal.gmw.cn/2017-12/06/content_27018511.htm,20171206T031500Z,,2017,1,2017-01-01T00:00:00,2017-12-31T23:59:59
Canada,Justicia de Ecuador ratifica condena contra ex ministro implicado en red de corrupción,http://www.panamaon.com/noticias/internacional/33013-justicia-de-ecuador-ratifica-condena-contra-ex-ministro-implicado-en-red-de-corrupcion.html,20171014T191500Z,,2017,1,2017-01-01T00:00:00,2017-12-31T23:59:59
Canada,  百名红通人员  半数已归案 ： 14人外逃时间超10年 _ 金羊网新闻,http://news.ycwb.com/2017-12/06/content_25755957.htm,20171206T030000Z,,2017,1,2017-01-01T00:00:00,2017-12-31T23:59:59
Canada,  百名红通人员  半数已归案 ： 14人外逃时间超10年,http://news.cnwest.com/content/2017-12/06/content_15542764.htm,20171206T041500Z,,2017,1,2017-01-01T00:00:00,2017-12-31T23:59:59
Canada,港前民政事务局局长涉贿赂非洲高官被捕 与  红三代  最神秘富豪有交集 ,http://www.soundofhope.org/www.soundofhope.org/gb/2017/11/21/n1286153.html,20171121T143000Z,,2017,1,2017-01-01T00:00:00,2017-12-31T23:59:59
Canada,中国第一女巨贪 杨秀 被判8年,http://www.1688.com.au/world/china/2017/10/14/218120/,20171014T000000Z,,2017,1,2017-01-01T00:00:00,2017-12-31T23:59:59
Canada,中國第一女巨貪 楊秀 被判8年 ,http://www.cna.com.tw/news/acn/201710130217-1.aspx,20171013T091500Z,,2017,1,2017-01-01T00:00:00,2017-12-31T23:59:59
Canada,中國第一女巨貪 楊秀 被判8年 ,https://udn.com/news/story/7331/2755455,20171013T124500Z,,2017,1,2017-01-01T00:00:00,2017-12-31T23:59:59
Canada,涉嫌洗钱 丰业银行削减黄金交易业务 _ 东方财富网,"http://global.eastmoney.com/news/1611,20171020786846655.html",20171019T233000Z,,2017,1,2017-01-01T00:00:00,2017-12-31T23:59:59
Canada,  百名红通人员  半数已归案 ： 14人外逃时间超10年 _ 要闻 _ 光明网,http://politics.gmw.cn/2017-12/06/content_27018951.htm,20171206T040000Z,,2017,1,2017-01-01T00:00:00,2017-12-31T23:59:59
Canada,  百名红通人员  半数已归案 ： 14人外逃时间超10年 _ 新闻中心 _ 中国网,http://news.china.com.cn/2017-12/06/content_41968691.htm,20171206T020000Z,,2017,1,2017-01-01T00:00:00,2017-12-31T23:59:59
Canada,多伦多5华人陷  反洗钱  骗局 损失68万 元 ,http://www.epochtimes.com/gb/17/11/15/n9844933.htm,20171116T001500Z,,2017,1,2017-01-01T00:00:00,2017-12-31T23:59:59
Canada,Sessions Hints That the DOJ Is Investigating Clinton,https://www.theepochtimes.com/sessions-hints-that-the-doj-is-investigating-clinton-russia-scandal_2336716.html,20171019T040000Z,,2017,1,2017-01-01T00:00:00,2017-12-31T23:59:59
Canada,  百名红通人员  贺俭回国投案 涉嫌贪污和行贿罪 _ 新闻频道 _ 中华网,http://news.china.com/domestic/945/20171107/31641059.html,20171107T091500Z,,2017,1,2017-01-01T00:00:00,2017-12-31T23:59:59
Canada,ICAC — LUTTE ANTI,http://www.lemauricien.com/article/icac-lutte-anti-fraudecorruption-2e-reunion-la-wgiac,20171207T001500Z,,2017,1,2017-01-01T00:00:00,2017-12-31T23:59:59
Canada,"  Ʈ , ٸ ο Ư ī ",http://news.chosun.com/site/data/html_dir/2017/11/15/2017111500204.html,20171114T194500Z,,2017,1,2017-01-01T00:00:00,2017-12-31T23:59:59
Canada,First charges laid in Unaoil bribery scandal,http://www.smh.com.au/national/first-charges-laid-in-unaoil-bribery-scandal-20171117-gznelf.html,20171117T034500Z,,2017,1,2017-01-01T00:00:00,2017-12-31T23:59:59
Canada,First charges laid in Unaoil bribery scandal,http://www.theage.com.au/national/first-charges-laid-in-unaoil-bribery-scandal-20171117-gznelf.html,20171117T040000Z,,2017,1,2017-01-01T00:00:00,2017-12-31T23:59:59
Canada,First charges laid in Unaoil bribery scandal,https://www.brisbanetimes.com.au/national/first-charges-laid-in-unaoil-bribery-scandal-20171117-gznelf.html,20171117T061500Z,,2017,1,2017-01-01T00:00:00,2017-12-31T23:59:59
Canada,First charges laid in Unaoil bribery scandal,http://www.canberratimes.com.au/national/first-charges-laid-in-unaoil-bribery-scandal-20171117-gznelf.html,20171117T063000Z,,2017,1,2017-01-01T00:00:00,2017-12-31T23:59:59
Canada,红通要犯李文革逃到 拿大4年 终于还是扛不住了 ( 图 ) ,http://www.wenxuecity.com/news/2017/12/07/6798602.html,20171207T223000Z,,2017,1,2017-01-01T00:00:00,2017-12-31T23:59:59
Canada,Canada bans  grease payment to foreign officials,http://www.rcinet.ca/en/2017/10/30/canada-bans-grease-payments-to-foreign-officials/,20171030T171500Z,,2017,1,2017-01-01T00:00:00,2017-12-31T23:59:59
Canada,  百名红通人员  半数已归案 ： 14人外逃时间超10年 _ 吉林频道 _ 凤凰网,http://jl.ifeng.com/a/20171206/6206766_0.shtml,20171206T010000Z,,2017,1,2017-01-01T00:00:00,2017-12-31T23:59:59
Canada,  百名红通人员  半数已归案 : 14人外逃时间超10年,http://news.sina.com.cn/o/2017-12-06/doc-ifyphtze4762512.shtml,20171205T183000Z,,2017,1,2017-01-01T00:00:00,2017-12-31T23:59:59
Canada,  百名红通人员  半数已归案 ： 14人外逃时间超10年,http://www.zjol.com.cn/hot/201712/t20171206_5967301.shtml,20171206T020000Z,,2017,1,2017-01-01T00:00:00,2017-12-31T23:59:59
Canada,  百名红通人员  半数已归案 ： 14人外逃时间超10年 _ 搜狐财经 _ 搜狐网,http://www.sohu.com/a/208704023_118392,20171206T020000Z,,2017,1,2017-01-01T00:00:00,2017-12-31T23:59:59
Canada,  百名红通人员  半数已归案 : 14人外逃时间超10年 _ 新浪吉林 _ 新浪网,http://jl.sina.com.cn/news/gngj/2017-12-06/detail-ifypikwu1325480.shtml,20171206T020000Z,,2017,1,2017-01-01T00:00:00,2017-12-31T23:59:59
Canada,  百名红通人员  半数已归案 ： 14人外逃时间超10年 _ 新闻中心 _ 厦门网,http://news.xmnn.cn/xmnn/2017/12/06/100287110.shtml,20171206T014500Z,,2017,1,2017-01-01T00:00:00,2017-12-31T23:59:59
Canada,  百名红通人员  半数已归案 ： 14人外逃时间超10年,http://www.shangbao.com.ph/qwzx/2017/12-06/68459.shtml,20171206T033000Z,,2017,1,2017-01-01T00:00:00,2017-12-31T23:59:59
Canada,  百名红通人员  半数已归案 ： 14人外逃时间超10年 _ 大公资讯 _ 大公网,http://news.takungpao.com/mainland/focus/2017-12/3521987.html,20171206T020000Z,,2017,1,2017-01-01T00:00:00,2017-12-31T23:59:59
Canada,  百名红通人员  半数归案 : 14人外逃时间超10年,http://www.jwb.com.cn/focus/201712/t20171206_4823235.html,20171206T043000Z,,2017,1,2017-01-01T00:00:00,2017-12-31T23:59:59
Canada,International Anti,http://www.philstar.com/cebu-business/2017/12/22/1770621/international-anti-corruption-day-counting-wins-and-losses-2017,20171221T213000Z,,2017,1,2017-01-01T00:00:00,2017-12-31T23:59:59
Canada,2017年这些归案  红通  逃犯 给腐败分子上了一课,http://www.chinaqw.com/hqhr/2017/12-28/173612.shtml,20171228T124500Z,,2017,1,2017-01-01T00:00:00,2017-12-31T23:59:59
Canada,2017年这些归案  红通  逃犯 给腐败分子上了一课,http://www.shangbao.com.ph/qwzx/2017/12-29/69123.shtml,20171229T033000Z,,2017,1,2017-01-01T00:00:00,2017-12-31T23:59:59
Canada,"KABAR GLOBAL 7 NOVEMBER : Heboh Paradise Papers , Daftar Dosa Pangeran Arab Diungkap",http://finansial.bisnis.com/read/20171107/9/706707/kabar-global-7-november-heboh-paradise-papers-daftar-dosa-pangeran-arab-diungkap,20171107T023000Z,,2017,1,2017-01-01T00:00:00,2017-12-31T23:59:59
Canada,受贿二千多万 巨贪杨秀 被判八年 ,http://www.ntdtv.com/xtr/gb/2017/10/13/a1346610.html,20171013T154500Z,,2017,1,2017-01-01T00:00:00,2017-12-31T23:59:59
Canada,  百名红通人员  贺俭回国投案 _ 新闻中心 _ 中国网,http://news.china.com.cn/txt/2017-11/07/content_41858317.htm,20171107T091500Z,,2017,1,2017-01-01T00:00:00,2017-12-31T23:59:59
Canada,First charges laid in Unaoil bribery scandal,http://www.stmarysstar.com.au/story/5064013/first-charges-laid-in-unaoil-bribery-scandal/,20171117T221500Z,,2017,1,2017-01-01T00:00:00,2017-12-31T23:59:59
Canada,First charges laid in Unaoil bribery scandal,http://www.begadistrictnews.com.au/story/5064013/first-charges-laid-in-unaoil-bribery-scandal/,20171117T221500Z,,2017,1,2017-01-01T00:00:00,2017-12-31T23:59:59
Canada,First charges laid in Unaoil bribery scandal,http://www.southcoastregister.com.au/story/5064013/first-charges-laid-in-unaoil-bribery-scandal/,20171117T221500Z,,2017,1,2017-01-01T00:00:00,2017-12-31T23:59:59
Canada,First charges laid in Unaoil bribery scandal,http://www.macarthuradvertiser.com.au/story/5064013/first-charges-laid-in-unaoil-bribery-scandal/,20171117T220000Z,,2017,1,2017-01-01T00:00:00,2017-12-31T23:59:59
Canada,First charges laid in Unaoil bribery scandal,http://www.portnews.com.au/story/5064013/first-charges-laid-in-unaoil-bribery-scandal/,20171117T214500Z,,2017,1,2017-01-01T00:00:00,2017-12-31T23:59:59
Canada,First charges laid in Unaoil bribery scandal,http://www.mandurahmail.com.au/story/5064013/first-charges-laid-in-unaoil-bribery-scandal/,20171117T104500Z,,2017,1,2017-01-01T00:00:00,2017-12-31T23:59:59
Canada,First charges laid in Unaoil bribery scandal,http://www.bendigoadvertiser.com.au/story/5064013/first-charges-laid-in-unaoil-bribery-scandal/,20171117T131500Z,,2017,1,2017-01-01T00:00:00,2017-12-31T23:59:59
Canada,First charges laid in Unaoil bribery scandal,http://www.armidaleexpress.com.au/story/5064013/first-charges-laid-in-unaoil-bribery-scandal/,20171117T083000Z,,2017,1,2017-01-01T00:00:00,2017-12-31T23:59:59
Canada,First charges laid in Unaoil bribery scandal,http://www.areanews.com.au/story/5064013/first-charges-laid-in-unaoil-bribery-scandal/,20171117T083000Z,,2017,1,2017-01-01T00:00:00,2017-12-31T23:59:59
Canada,First charges laid in Unaoil bribery scandal,http://www.dailyliberal.com.au/story/5064013/first-charges-laid-in-unaoil-bribery-scandal/,20171117T094500Z,,2017,1,2017-01-01T00:00:00,2017-12-31T23:59:59
Canada,Iran executes trader  Sultan of Bitumen  - Newspaper,https://www.dawn.com/news/1453101/iran-executes-trader-sultan-of-bitumen,20181223T021500Z,,2018,1,2018-01-01T00:00:00,2018-12-31T23:59:59
Canada,Former McGill hospital manager pleads guilty in SNC - Lavalin bribery case,https://infotel.ca/newsitem/crime-snc-guilty-plea/cp554738401,20181127T004500Z,,2018,1,2018-01-01T00:00:00,2018-12-31T23:59:59
Canada,Suspect repatriated to China from US - Chinadaily . com . cn,http://www.chinadaily.com.cn/a/201811/14/WS5bec1f86a310eff303288b78.html,20181115T054500Z,,2018,1,2018-01-01T00:00:00,2018-12-31T23:59:59
Canada,Iran executes trader dubbed  Sultan of Bitumen  | World | thenews . com . pk,https://www.thenews.com.pk/print/409786-iran-executes-trader-dubbed-sultan-of-bitumen,20181223T051500Z,,2018,1,2018-01-01T00:00:00,2018-12-31T23:59:59
Canada,Iran executes trader dubbed  Sultan of Bitumen  | World | thenews . com . pk,https://www.thenews.com.pk/print/409686-iran-executes-trader-dubbed-sultan-of-bitumen,20181223T051500Z,,2018,1,2018-01-01T00:00:00,2018-12-31T23:59:59
Canada,Iran executes trader dubbed  Sultan of Bitumen  ,https://www.thedailystar.net/backpage/news/iran-executes-trader-dubbed-sultan-bitumen-1677487,20181222T184500Z,,2018,1,2018-01-01T00:00:00,2018-12-31T23:59:59
Canada,Iran executes trader dubbed  Sultan of Bitumen  | The Express Tribune,https://tribune.com.pk/story/1872333/3-iran-executes-trader-dubbed-sultan-bitumen/,20181222T083000Z,,2018,1,2018-01-01T00:00:00,2018-12-31T23:59:59
Canada,i24NEWS - Iran executes trader dubbed  Sultan of Bitumen  ,https://www.i24news.tv/en/news/international/middle-east/191486-181222-iran-executes-trader-dubbed-sultan-of-bitumen,20181222T104500Z,,2018,1,2018-01-01T00:00:00,2018-12-31T23:59:59
Canada,Iran Executes Trader Dubbed  Sultan of Bitumen  ,http://www.naharnet.com/stories/en/254464-iran-executes-trader-dubbed-sultan-of-bitumen,20181222T100000Z,,2018,1,2018-01-01T00:00:00,2018-12-31T23:59:59
Canada,Iran executes trader dubbed  Sultan of Bitumen  – The Siasat Daily,https://www.siasat.com/news/iran-executes-trader-dubbed-sultan-bitumen-1448678/,20181222T100000Z,,2018,1,2018-01-01T00:00:00,2018-12-31T23:59:59
Canada,Iran executes trader dubbed  Sultan of Bitumen  ,http://www.macaubusiness.com/iran-executes-trader-dubbed-sultan-of-bitumen/,20181222T100000Z,,2018,1,2018-01-01T00:00:00,2018-12-31T23:59:59
Canada,Iran executes trader dubbed  Sultan of Bitumen  – The Siasat Daily,https://www.siasat.com/news/iran-executes-trader-dubbed-sultan-bitumen-2-1448683/,20181222T100000Z,,2018,1,2018-01-01T00:00:00,2018-12-31T23:59:59
Canada,Iran executes trader dubbed  Sultan of Bitumen  | The Guardian Nigeria Newspaper - Nigeria and World NewsWorld The Guardian Nigeria Newspaper – Nigeria and World News,https://guardian.ng/news/iran-executes-trader-dubbed-sultan-of-bitumen/,20181222T094500Z,,2018,1,2018-01-01T00:00:00,2018-12-31T23:59:59
Canada,Iran executes trader  Sultan of Bitumen  over fraud charges,http://saudigazette.com.sa/article/550782/World/Mena/Iran-executes-traderSultan-of-Bitumenover-fraud-charges,20181222T143000Z,,2018,1,2018-01-01T00:00:00,2018-12-31T23:59:59
Canada,Iran executes trader dubbed  Sultan of Bitumen  ,https://www.sbs.com.au/news/iran-executes-trader-dubbed-sultan-of-bitumen,20181222T213000Z,,2018,1,2018-01-01T00:00:00,2018-12-31T23:59:59
Canada,Iran executes  Sultan of Bitumen  for corruption,https://middle-east-online.com/en/iran-executes-sultan-bitumen-corruption,20181222T164500Z,,2018,1,2018-01-01T00:00:00,2018-12-31T23:59:59
Canada,Former MUHC manager pleads guilty in SNC - Lavalin bribery case,https://globalnews.ca/news/4700900/montreal-muhc-manager-pleads-guilty-in-snc-lavalin-bribery-case/,20181126T233000Z,,2018,1,2018-01-01T00:00:00,2018-12-31T23:59:59
Canada,MUHC bribery scandal : Former SNC - Lavalin CEO heads to trial in February,https://montrealgazette.com/news/muhc-bribery-scandal-former-snc-lavalin-ceo-on-trial-come-february,20181129T184500Z,,2018,1,2018-01-01T00:00:00,2018-12-31T23:59:59
Canada,MUHC bribery scandal : Ex - SNC - Lavalin CEO heads to trial in February,https://montrealgazette.com/news/local-news/muhc-bribery-scandal-former-snc-lavalin-ceo-on-trial-come-february,20181129T210000Z,,2018,1,2018-01-01T00:00:00,2018-12-31T23:59:59
Canada,Iran executes trader nicknamed  Sultan of Bitumen  | South China Morning Post,https://www.scmp.com/news/world/middle-east/article/2179223/iran-executes-trader-nicknamed-sultan-bitumen,20181222T110000Z,,2018,1,2018-01-01T00:00:00,2018-12-31T23:59:59
Canada,کانادا و پرونده خاوری,https://salamtoronto.ca/2016/%DA%A9%D8%A7%D9%86%D8%A7%D8%AF%D8%A7-%D9%88-%D9%BE%D8%B1%D9%88%D9%86%D8%AF%D9%87-%D8%AE%D8%A7%D9%88%D8%B1%DB%8C/,20181124T000000Z,,2018,1,2018-01-01T00:00:00,2018-12-31T23:59:59
Canada,Former McGill hospital manager pleads guilty in SNC - Lavalin bribery case,https://www.ctvnews.ca/business/former-mcgill-hospital-manager-pleads-guilty-in-snc-lavalin-bribery-case-1.4193828,20181127T123000Z,,2018,1,2018-01-01T00:00:00,2018-12-31T23:59:59
Canada,Former McGill hospital manager pleads guilty in SNC - Lavalin bribery case,https://www.humboldtjournal.ca/former-mcgill-hospital-manager-pleads-guilty-in-snc-lavalin-bribery-case-1.23510053,20181127T003000Z,,2018,1,2018-01-01T00:00:00,2018-12-31T23:59:59
Canada,Former McGill hospital manager pleads guilty in SNC - Lavalin bribery case,https://www.stcatharinesstandard.ca/news-story/9052526-former-mcgill-hospital-manager-pleads-guilty-in-snc-lavalin-bribery-case/,20181127T043000Z,,2018,1,2018-01-01T00:00:00,2018-12-31T23:59:59
Canada,Former McGill hospital manager pleads guilty in SNC - Lavalin bribery case,https://www.niagarafallsreview.ca/news-story/9052526-former-mcgill-hospital-manager-pleads-guilty-in-snc-lavalin-bribery-case/,20181127T044500Z,,2018,1,2018-01-01T00:00:00,2018-12-31T23:59:59
Canada,Former McGill hospital manager pleads guilty in SNC - Lavalin bribery case,https://www.wellandtribune.ca/news-story/9052526-former-mcgill-hospital-manager-pleads-guilty-in-snc-lavalin-bribery-case/,20181127T044500Z,,2018,1,2018-01-01T00:00:00,2018-12-31T23:59:59
Canada,Former McGill hospital manager pleads guilty in SNC - Lavalin bribery case,https://www.thespec.com/news-story/9052526-former-mcgill-hospital-manager-pleads-guilty-in-snc-lavalin-bribery-case/,20181127T010000Z,,2018,1,2018-01-01T00:00:00,2018-12-31T23:59:59
Canada,Former MUHC manager Elbaz pleads guilty in SNC - Lavalin bribery case,https://montreal.ctvnews.ca/former-muhc-manager-elbaz-pleads-guilty-in-snc-lavalin-bribery-case-1.4193261,20181127T010000Z,,2018,1,2018-01-01T00:00:00,2018-12-31T23:59:59
Canada,Former McGill hospital manager pleads guilty in SNC - Lavalin bribery case,https://www.princegeorgecitizen.com/news/national-news/former-mcgill-hospital-manager-pleads-guilty-in-snc-lavalin-bribery-case-1.23510053,20181127T010000Z,,2018,1,2018-01-01T00:00:00,2018-12-31T23:59:59
Canada,Former McGill hospital manager pleads guilty in SNC - Lavalin bribery case,https://www.therecord.com/news-story/9052526-former-mcgill-hospital-manager-pleads-guilty-in-snc-lavalin-bribery-case/,20181127T024500Z,,2018,1,2018-01-01T00:00:00,2018-12-31T23:59:59
Canada,Former McGill hospital manager pleads guilty in SNC - Lavalin bribery case,https://www.lillooetnews.net/former-mcgill-hospital-manager-pleads-guilty-in-snc-lavalin-bribery-case-1.23510053,20181127T034500Z,,2018,1,2018-01-01T00:00:00,2018-12-31T23:59:59
Canada,Former McGill hospital manager pleads guilty in SNC - Lavalin bribery case,https://www.burnabynow.com/former-mcgill-hospital-manager-pleads-guilty-in-snc-lavalin-bribery-case-1.23510053,20181127T030000Z,,2018,1,2018-01-01T00:00:00,2018-12-31T23:59:59
Canada,Former McGill hospital manager pleads guilty in SNC - Lavalin bribery case,https://www.squamishchief.com/former-mcgill-hospital-manager-pleads-guilty-in-snc-lavalin-bribery-case-1.23510053,20181127T021500Z,,2018,1,2018-01-01T00:00:00,2018-12-31T23:59:59
Canada,Former McGill hospital manager pleads guilty in SNC - Lavalin bribery case,https://www.westmanjournal.com/former-mcgill-hospital-manager-pleads-guilty-in-snc-lavalin-bribery-case-1.23510053,20181127T021500Z,,2018,1,2018-01-01T00:00:00,2018-12-31T23:59:59
Canada,Former McGill hospital manager pleads guilty in SNC - Lavalin bribery case,https://www.weyburnthisweek.com/former-mcgill-hospital-manager-pleads-guilty-in-snc-lavalin-bribery-case-1.23510053,20181127T021500Z,,2018,1,2018-01-01T00:00:00,2018-12-31T23:59:59
Canada,Former McGill hospital manager pleads guilty in SNC - Lavalin bribery case,https://www.delta-optimist.com/former-mcgill-hospital-manager-pleads-guilty-in-snc-lavalin-bribery-case-1.23510053,20181127T031500Z,,2018,1,2018-01-01T00:00:00,2018-12-31T23:59:59
Canada,Former McGill hospital manager pleads guilty in SNC - Lavalin bribery case,https://www.carlyleobserver.com/former-mcgill-hospital-manager-pleads-guilty-in-snc-lavalin-bribery-case-1.23510053,20181126T231500Z,,2018,1,2018-01-01T00:00:00,2018-12-31T23:59:59
Canada,Former McGill hospital manager pleads guilty in SNC - Lavalin bribery case,https://www.1310news.com/2018/11/26/former-mcgill-hospital-manager-pleads-guilty-in-snc-lavalin-bribery-case/,20181126T231500Z,,2018,1,2018-01-01T00:00:00,2018-12-31T23:59:59
Canada,Former McGill hospital manager pleads guilty in SNC - Lavalin bribery case,https://www.570news.com/2018/11/26/former-mcgill-hospital-manager-pleads-guilty-in-snc-lavalin-bribery-case/,20181126T233000Z,,2018,1,2018-01-01T00:00:00,2018-12-31T23:59:59
Canada,Former McGill hospital manager pleads guilty in SNC - Lavalin bribery case,https://www.prpeak.com/former-mcgill-hospital-manager-pleads-guilty-in-snc-lavalin-bribery-case-1.23510053,20181126T233000Z,,2018,1,2018-01-01T00:00:00,2018-12-31T23:59:59
Canada,Former McGill hospital manager pleads guilty in SNC - Lavalin bribery case,https://www.680news.com/2018/11/26/former-mcgill-hospital-manager-pleads-guilty-in-snc-lavalin-bribery-case/,20181126T233000Z,,2018,1,2018-01-01T00:00:00,2018-12-31T23:59:59
Canada,Former McGill hospital manager pleads guilty in SNC - Lavalin bribery case,https://www.tricitynews.com/former-mcgill-hospital-manager-pleads-guilty-in-snc-lavalin-bribery-case-1.23510053,20181126T234500Z,,2018,1,2018-01-01T00:00:00,2018-12-31T23:59:59
Canada,Former McGill hospital manager pleads guilty in SNC - Lavalin bribery case,http://www.chroniclejournal.com/news/national/former-mcgill-hospital-manager-pleads-guilty-in-snc-lavalin-bribery/article_bacdaa36-a3cc-5ee6-95fc-63bdcaa59395.html,20181127T000000Z,,2018,1,2018-01-01T00:00:00,2018-12-31T23:59:59
Canada,Former McGill hospital manager pleads guilty in SNC - Lavalin bribery case,https://www.cheknews.ca/former-mcgill-hospital-manager-pleads-guilty-in-snc-lavalin-bribery-case-511756/,20181127T000000Z,,2018,1,2018-01-01T00:00:00,2018-12-31T23:59:59
Canada,Former McGill hospital manager pleads guilty in SNC - Lavalin bribery case,https://www.coastreporter.net/former-mcgill-hospital-manager-pleads-guilty-in-snc-lavalin-bribery-case-1.23510053,20181127T000000Z,,2018,1,2018-01-01T00:00:00,2018-12-31T23:59:59
Canada,Former McGill hospital manager pleads guilty in SNC - Lavalin bribery case,https://www.richmond-news.com/former-mcgill-hospital-manager-pleads-guilty-in-snc-lavalin-bribery-case-1.23510053,20181127T000000Z,,2018,1,2018-01-01T00:00:00,2018-12-31T23:59:59
Canada,Former McGill hospital manager pleads guilty in SNC - Lavalin bribery case,https://www.yorktonthisweek.com/former-mcgill-hospital-manager-pleads-guilty-in-snc-lavalin-bribery-case-1.23510053,20181127T001500Z,,2018,1,2018-01-01T00:00:00,2018-12-31T23:59:59
Canada,Former McGill hospital manager pleads guilty in SNC - Lavalin bribery case,https://www.timescolonist.com/former-mcgill-hospital-manager-pleads-guilty-in-snc-lavalin-bribery-case-1.23510053,20181126T233000Z,,2018,1,2018-01-01T00:00:00,2018-12-31T23:59:59
Canada,Former McGill hospital manager pleads guilty in SNC - Lavalin bribery case,https://www.estevanmercury.ca/former-mcgill-hospital-manager-pleads-guilty-in-snc-lavalin-bribery-case-1.23510053,20181126T233000Z,,2018,1,2018-01-01T00:00:00,2018-12-31T23:59:59
Canada,Former McGill hospital manager pleads guilty in SNC - Lavalin bribery case,https://www.alaskahighwaynews.ca/former-mcgill-hospital-manager-pleads-guilty-in-snc-lavalin-bribery-case-1.23510053,20181127T021500Z,,2018,1,2018-01-01T00:00:00,2018-12-31T23:59:59
Canada,Former McGill hospital manager pleads guilty in SNC - Lavalin bribery case,https://www.thompsoncitizen.net/former-mcgill-hospital-manager-pleads-guilty-in-snc-lavalin-bribery-case-1.23510053,20181127T013000Z,,2018,1,2018-01-01T00:00:00,2018-12-31T23:59:59
Canada,Former McGill hospital manager pleads guilty in SNC - Lavalin bribery case,https://www.weyburnreview.com/former-mcgill-hospital-manager-pleads-guilty-in-snc-lavalin-bribery-case-1.23510053,20181127T013000Z,,2018,1,2018-01-01T00:00:00,2018-12-31T23:59:59
Canada,Former McGill hospital manager pleads guilty in SNC - Lavalin bribery case,https://www.vancourier.com/former-mcgill-hospital-manager-pleads-guilty-in-snc-lavalin-bribery-case-1.23510053,20181127T013000Z,,2018,1,2018-01-01T00:00:00,2018-12-31T23:59:59
Canada,Former McGill hospital manager pleads guilty in SNC - Lavalin bribery case,https://www.princegeorgecitizen.com/former-mcgill-hospital-manager-pleads-guilty-in-snc-lavalin-bribery-case-1.23510053,20181127T013000Z,,2018,1,2018-01-01T00:00:00,2018-12-31T23:59:59
Canada,Former McGill hospital manager pleads guilty in SNC - Lavalin bribery case,https://www.newwestrecord.ca/former-mcgill-hospital-manager-pleads-guilty-in-snc-lavalin-bribery-case-1.23510053,20181127T011500Z,,2018,1,2018-01-01T00:00:00,2018-12-31T23:59:59
Canada,Former McGill hospital manager pleads guilty in SNC - Lavalin bribery case,https://www.thereminder.ca/former-mcgill-hospital-manager-pleads-guilty-in-snc-lavalin-bribery-case-1.23510053,20181127T011500Z,,2018,1,2018-01-01T00:00:00,2018-12-31T23:59:59
Canada,Former McGill hospital manager pleads guilty in SNC - Lavalin bribery case,https://www.newsoptimist.ca/former-mcgill-hospital-manager-pleads-guilty-in-snc-lavalin-bribery-case-1.23510053,20181127T011500Z,,2018,1,2018-01-01T00:00:00,2018-12-31T23:59:59
Canada,Former McGill hospital manager pleads guilty in SNC - Lavalin bribery case,https://www.bowenislandundercurrent.com/former-mcgill-hospital-manager-pleads-guilty-in-snc-lavalin-bribery-case-1.23510053,20181127T003000Z,,2018,1,2018-01-01T00:00:00,2018-12-31T23:59:59
Canada,Former McGill hospital manager pleads guilty in SNC - Lavalin bribery case,https://www.nsnews.com/former-mcgill-hospital-manager-pleads-guilty-in-snc-lavalin-bribery-case-1.23510053,20181126T234500Z,,2018,1,2018-01-01T00:00:00,2018-12-31T23:59:59
Canada,Former McGill hospital manager pleads guilty in SNC - Lavalin bribery case,https://www.theglobeandmail.com/canada/article-former-mcgill-hospital-manager-pleads-guilty-in-snc-lavalin-bribery-2/,20181126T234500Z,,2018,1,2018-01-01T00:00:00,2018-12-31T23:59:59
Canada,Former McGill hospital manager pleads guilty in SNC - Lavalin bribery case,https://lethbridgeherald.com/news/national-news/2018/11/26/former-mcgill-hospital-manager-pleads-guilty-in-snclavalin-bribery-case/,20181127T003000Z,,2018,1,2018-01-01T00:00:00,2018-12-31T23:59:59
Canada,Former hospital manager guilty of taking bribe,https://www.msn.com/en-ca/news/other/former-hospital-manager-guilty-of-taking-bribe/ar-BBQ87La,20181127T011500Z,,2018,1,2018-01-01T00:00:00,2018-12-31T23:59:59
Canada,Snc Lavalin : Former McGill hospital manager pleads guilty in SNC - Lavalin bribery case,https://www.marketscreener.com/SNC-LAVALIN-GROUP-INC-1411719/news/Snc-Lavalin-Former-McGill-hospital-manager-pleads-guilty-in-SNC-Lavalin-bribery-case-27664208/,20181127T003000Z,,2018,1,2018-01-01T00:00:00,2018-12-31T23:59:59
Canada,The long – and political – arm of US law,https://www.scmp.com/comment/insight-opinion/hong-kong/article/2176720/long-and-political-arm-us-law,20181206T104500Z,,2018,1,2018-01-01T00:00:00,2018-12-31T23:59:59
Canada,"Népszava 321 , 88 forinton az euró",https://nepszava.hu:443/3019543_321-88-forinton-az-euro,20181221T203000Z,,2018,1,2018-01-01T00:00:00,2018-12-31T23:59:59
Canada,加拿大最大贪腐案新进展 麦大前副主任认罪 | 加拿大贪腐案 | 加拿大腐败案 | 麦吉尔大学,http://www.epochtimes.com/gb/18/11/28/n10878080.htm,20181128T043000Z,,2018,1,2018-01-01T00:00:00,2018-12-31T23:59:59
Canada,Toronto real estate is vulnerable to money laundering,https://www.thestar.com/news/investigations/2018/11/28/why-toronto-real-estate-is-vulnerable-to-money-laundering.html,20181128T104500Z,,2018,1,2018-01-01T00:00:00,2018-12-31T23:59:59
Canada,Guilty plea in privatization bribery case | National Union of Public and General Employees,https://nupge.ca/content/guilty-plea-privatization-bribery-case,20181128T190000Z,,2018,1,2018-01-01T00:00:00,2018-12-31T23:59:59
Canada,"Кто те шесть иностранцев , которые лишат НАБУ его любимой отговорки . Новости политики",http://www.dsnews.ua/politics/lichnoe-delo-kto-te-shest-zapadnyh-ekspertov-kotorye-otberut-07112018220000,20181107T203000Z,,2018,1,2018-01-01T00:00:00,2018-12-31T23:59:59
Canada,"Международная инквизиция . Кто те шесть иностранцев , которые лишат НАБУ его любимой отговорки",https://bin.ua/top/227173-mezhdunarodnaya-inkviziciya-kto-te-shest.html,20181107T220000Z,,2018,1,2018-01-01T00:00:00,2018-12-31T23:59:59
Canada,Deferred prosecution agreement not right in SNC - Lavalin case,https://ipolitics.ca/2018/12/14/deferred-prosecution-agreements-not-appropriate-in-snc-lavalin-case/,20181214T221500Z,,2018,1,2018-01-01T00:00:00,2018-12-31T23:59:59
Canada,SNC - Lavalin CEO says impasse over corruption charges has cost company more than $3 . 7 billion,https://business.financialpost.com/news/fp-street/impasse-over-corruption-charges-costs-snc-3-7-billion-ceo-says,20181217T201500Z,,2018,1,2018-01-01T00:00:00,2018-12-31T23:59:59
Canada,SNC - Lavalin CEO says impasse over corruption charges has cost company more than $3 . 7 billion,https://montrealgazette.com/news/fp-street/impasse-over-corruption-charges-costs-snc-3-7-billion-ceo-says/wcm/f122085d-5888-43db-9395-4198597d24e7,20181217T223000Z,,2018,1,2018-01-01T00:00:00,2018-12-31T23:59:59
Canada,South African Leftist Leader Malema Files Graft Complaint Against Gordhan,https://www.nytimes.com/reuters/2018/11/27/world/africa/27reuters-safrica-politics.html,20181127T131500Z,,2018,1,2018-01-01T00:00:00,2018-12-31T23:59:59
Canada,外逃14年红通官员投案 曾是食药监原局长下属 | 刘晋 | 食药监总局 | 郑筱萸,http://www.epochtimes.com/gb/18/12/8/n10898727.htm,20181208T183000Z,,2018,1,2018-01-01T00:00:00,2018-12-31T23:59:59
Canada,Toronto real estate is vulnerable to money laundering,https://www.msn.com/en-ca/money/topstories/toronto-real-estate-is-vulnerable-to-money-laundering/ar-BBQbTZq,20181128T113000Z,,2018,1,2018-01-01T00:00:00,2018-12-31T23:59:59
Canada,Toronto real estate is vulnerable to money laundering,https://www.msn.com/en-ca/news/other/toronto-real-estate-is-vulnerable-to-money-laundering/ar-BBQbTZq,20181128T111500Z,,2018,1,2018-01-01T00:00:00,2018-12-31T23:59:59
Canada,LIran exécute un homme daffaires accusé de fraude et trafic – Site de la chaîne AlManar - Liban,http://french.almanar.com.lb/1182282,20181222T131500Z,,2018,1,2018-01-01T00:00:00,2018-12-31T23:59:59
Canada,Top 10 International Anti - Corruption Developments For September 2018 - Criminal Law,http://mondaq.com/unitedstates/x/744532/White+Collar+Crime+Fraud/Top+10+International+AntiCorruption+Developments+For+September+2018,20181011T091500Z,,2018,1,2018-01-01T00:00:00,2018-12-31T23:59:59
Canada,Top 10 International Anti - Corruption Developments for September 2018 | Morrison & Foerster LLP,https://www.jdsupra.com/legalnews/top-10-international-anti-corruption-40284/,20181009T193000Z,,2018,1,2018-01-01T00:00:00,2018-12-31T23:59:59
Canada,US prosecutor of Huawei CFO counts 1MDB fugitive Jho Low and Mexican drug lord  El Chapo  among his high - profile cases,https://www.scmp.com/business/china-business/article/2177708/prosecutor-huaweis-cfo-counts-1mdb-fugitive-jho-low-and,20181212T204500Z,,2018,1,2018-01-01T00:00:00,2018-12-31T23:59:59
Canada,Coronation Street fans launch Save Our Sally campaign,https://www.manchestereveningnews.co.uk/news/tv/coronation-street-fans-launch-save-15474070,20181128T210000Z,,2018,1,2018-01-01T00:00:00,2018-12-31T23:59:59
Canada,חשד : ביצעו עוקץ של 800 אלף דולר באתר ביטקוין בינלאומי | ירושלים | לוקאל,"http://www.local.co.il/document/52,85,158570.aspx",20181224T181500Z,,2018,1,2018-01-01T00:00:00,2018-12-31T23:59:59
Canada,LILLEY : Stink of corruption hangs over environmental conference,https://torontosun.com/opinion/columnists/lilley-stink-of-corruption-hangs-over-environmental-conference,20181110T233000Z,,2018,1,2018-01-01T00:00:00,2018-12-31T23:59:59
Canada,LILLEY : Stink of corruption hangs over environmental conference,https://theprovince.com/opinion/columnists/lilley-stink-of-corruption-hangs-over-environmental-conference/wcm/181ce4b1-dbf1-48d8-b00f-9b4b463af946,20181111T053000Z,,2018,1,2018-01-01T00:00:00,2018-12-31T23:59:59
Canada,LILLEY : Stink of corruption hangs over environmental conference,https://edmontonsun.com/opinion/columnists/lilley-stink-of-corruption-hangs-over-environmental-conference/wcm/2598e950-154c-49ee-a2f2-71c7b91a4330,20181111T210000Z,,2018,1,2018-01-01T00:00:00,2018-12-31T23:59:59
Canada,Malema files graft complaint against Gordhan,https://www.moneyweb.co.za/news-fast-news/malema-files-graft-complaint-against-gordhan/,20181127T131500Z,,2018,1,2018-01-01T00:00:00,2018-12-31T23:59:59
Canada,La Deutsche Bank visée par une série de perquisitions liées aux Panama Papers,https://ici.radio-canada.ca/nouvelle/1138762/deutsche-bank-perquisitions-blanchiment-argent-panama-papers,20181129T150000Z,,2018,1,2018-01-01T00:00:00,2018-12-31T23:59:59
Canada,South African leftist leader Malema files graft complaint against Gordhan,https://in.reuters.com/article/safrica-politics/south-african-leftist-leader-malema-files-graft-complaint-against-gordhan-idINKCN1NW1AJ,20181127T133000Z,,2018,1,2018-01-01T00:00:00,2018-12-31T23:59:59
Canada,South African leftist leader Malema files graft complaint against Gordhan,https://www.reuters.com/article/us-safrica-politics/south-african-leftist-leader-malema-files-graft-complaint-against-gordhan-idUSKCN1NW1AQ,20181127T131500Z,,2018,1,2018-01-01T00:00:00,2018-12-31T23:59:59
Canada,S . African leftist leader Malema files graft complaint ... ,http://news.trust.org/item/20181127123115-776zv,20181127T130000Z,,2018,1,2018-01-01T00:00:00,2018-12-31T23:59:59
Canada,South African leftist leader Malema files graft complaint against Gordhan,https://citizentv.co.ke/news/south-african-leftist-leader-malema-files-graft-complaint-gordhan-220987/,20181127T200000Z,,2018,1,2018-01-01T00:00:00,2018-12-31T23:59:59
Canada,Canada AML overhaul seeks to revamp financial intelligence flows,https://www.reuters.com/article/bc-finreg-canada-aml/canadas-aml-overhaul-seeks-to-revamp-financial-intelligence-flows-idUSKCN1MD240,20181003T234500Z,,2018,1,2018-01-01T00:00:00,2018-12-31T23:59:59
Canada,"Malema lays charges against Pravin Gordhan and his daughter - SABC News - Breaking news , special reports , world , business , sport coverage of all South African current events . Africa news leader . ",http://www.sabcnews.com/sabcnews/malema-lays-charges-against-pravin-gordhan-and-his-daughter/,20181127T131500Z,,2018,1,2018-01-01T00:00:00,2018-12-31T23:59:59
Canada,Corporate Crime update - March 2018 | United Kingdom,https://www.lexology.com/library/detail.aspx?g=f8cb73fd-572b-4232-b970-b8ca76fad0ba,20181204T154500Z,,2018,1,2018-01-01T00:00:00,2018-12-31T23:59:59
Canada,Llevan a Tratado combate a corrupción,http://www.zocalo.com.mx/reforma/detail/llevan-a-tratado-combate-a-corrupcion,20181009T160000Z,,2018,1,2018-01-01T00:00:00,2018-12-31T23:59:59
Canada,US prosecutor of Huawei CFO counts 1MDB fugitive Jho Low and Mexican drug lord  El Chapo  among his high - profile cases - Asean Plus,https://www.thestar.com.my/news/regional/2018/12/13/us-prosecutor-of-huaweis-cfo-counts-1mdb-fugitive-jho-low-and-mexican-drug-lord-el-chapo-among-his-h/,20181213T060000Z,,2018,1,2018-01-01T00:00:00,2018-12-31T23:59:59
Canada,Malaysia Chronicle,https://www.malaysia-chronicle.com/?p=147262,20181214T043000Z,,2018,1,2018-01-01T00:00:00,2018-12-31T23:59:59
Canada,S . African leftist leader Malema files graft complaint against Gordhan,https://af.reuters.com/article/topNews/idAFKCN1NW1FH-OZATP,20181127T144500Z,,2018,1,2018-01-01T00:00:00,2018-12-31T23:59:59
Canada,Malema files graft complaint against Gordhan,https://www.thezimbabwemail.com/world-news/malema-files-graft-complaint-against-gordhan/,20181127T204500Z,,2018,1,2018-01-01T00:00:00,2018-12-31T23:59:59
